"cancer_diagnosis_time";"covid_date";"n";"n_total"
"0";2020-12-27;10;25795
"0";2020-12-28;25;25795
"0";2020-12-29;23;25795
"0";2020-12-30;38;25795
"0";2020-12-31;25;25795
"0";2021-01-01;7;25795
"0";2021-01-02;16;25795
"0";2021-01-03;7;25795
"0";2021-01-04;28;25795
"0";2021-01-05;30;25795
"0";2021-01-06;11;25795
"0";2021-01-07;30;25795
"0";2021-01-08;30;25795
"0";2021-01-09;4;25795
"0";2021-01-10;10;25795
"0";2021-01-11;44;25795
"0";2021-01-12;39;25795
"0";2021-01-13;33;25795
"0";2021-01-14;47;25795
"0";2021-01-15;24;25795
"0";2021-01-16;9;25795
"0";2021-01-17;6;25795
"0";2021-01-18;31;25795
"0";2021-01-19;35;25795
"0";2021-01-20;23;25795
"0";2021-01-21;30;25795
"0";2021-01-22;22;25795
"0";2021-01-23;5;25795
"0";2021-01-24;9;25795
"0";2021-01-25;27;25795
"0";2021-01-26;21;25795
"0";2021-01-27;29;25795
"0";2021-01-28;15;25795
"0";2021-01-29;23;25795
"0";2021-01-30;14;25795
"0";2021-01-31;5;25795
"0";2021-02-01;15;25795
"0";2021-02-02;21;25795
"0";2021-02-03;20;25795
"0";2021-02-04;18;25795
"0";2021-02-05;11;25795
"0";2021-02-06;4;25795
"0";2021-02-07;6;25795
"0";2021-02-08;19;25795
"0";2021-02-09;12;25795
"0";2021-02-10;8;25795
"0";2021-02-11;15;25795
"0";2021-02-12;5;25795
"0";2021-02-13;2;25795
"0";2021-02-14;2;25795
"0";2021-02-15;12;25795
"0";2021-02-16;15;25795
"0";2021-02-17;13;25795
"0";2021-02-18;13;25795
"0";2021-02-19;4;25795
"0";2021-02-20;4;25795
"0";2021-02-21;2;25795
"0";2021-02-22;6;25795
"0";2021-02-23;9;25795
"0";2021-02-24;7;25795
"0";2021-02-25;4;25795
"0";2021-02-26;3;25795
"0";2021-02-27;3;25795
"0";2021-02-28;1;25795
"0";2021-03-01;6;25795
"0";2021-03-02;6;25795
"0";2021-03-03;5;25795
"0";2021-03-04;7;25795
"0";2021-03-05;9;25795
"0";2021-03-06;4;25795
"0";2021-03-07;2;25795
"0";2021-03-08;8;25795
"0";2021-03-09;2;25795
"0";2021-03-10;8;25795
"0";2021-03-11;7;25795
"0";2021-03-12;6;25795
"0";2021-03-13;1;25795
"0";2021-03-14;1;25795
"0";2021-03-15;5;25795
"0";2021-03-16;5;25795
"0";2021-03-17;4;25795
"0";2021-03-18;5;25795
"0";2021-03-19;5;25795
"0";2021-03-20;1;25795
"0";2021-03-21;1;25795
"0";2021-03-22;12;25795
"0";2021-03-23;9;25795
"0";2021-03-24;9;25795
"0";2021-03-25;10;25795
"0";2021-03-26;10;25795
"0";2021-03-27;1;25795
"0";2021-03-28;4;25795
"0";2021-03-29;14;25795
"0";2021-03-30;5;25795
"0";2021-03-31;6;25795
"0";2021-04-01;12;25795
"0";2021-04-02;4;25795
"0";2021-04-03;3;25795
"0";2021-04-04;11;25795
"0";2021-04-05;3;25795
"0";2021-04-06;16;25795
"0";2021-04-07;14;25795
"0";2021-04-08;12;25795
"0";2021-04-09;1;25795
"0";2021-04-10;3;25795
"0";2021-04-11;2;25795
"0";2021-04-12;12;25795
"0";2021-04-13;9;25795
"0";2021-04-14;9;25795
"0";2021-04-15;16;25795
"0";2021-04-16;1;25795
"0";2021-04-17;2;25795
"0";2021-04-18;2;25795
"0";2021-04-19;8;25795
"0";2021-04-20;9;25795
"0";2021-04-21;5;25795
"0";2021-04-22;10;25795
"0";2021-04-23;12;25795
"0";2021-04-24;3;25795
"0";2021-04-25;2;25795
"0";2021-04-26;8;25795
"0";2021-04-27;7;25795
"0";2021-04-28;7;25795
"0";2021-04-29;5;25795
"0";2021-04-30;5;25795
"0";2021-05-01;3;25795
"0";2021-05-02;3;25795
"0";2021-05-03;12;25795
"0";2021-05-04;8;25795
"0";2021-05-05;6;25795
"0";2021-05-06;4;25795
"0";2021-05-07;12;25795
"0";2021-05-08;3;25795
"0";2021-05-09;2;25795
"0";2021-05-10;5;25795
"0";2021-05-11;4;25795
"0";2021-05-12;4;25795
"0";2021-05-13;4;25795
"0";2021-05-14;4;25795
"0";2021-05-15;1;25795
"0";2021-05-17;6;25795
"0";2021-05-18;9;25795
"0";2021-05-19;5;25795
"0";2021-05-20;3;25795
"0";2021-05-21;9;25795
"0";2021-05-22;1;25795
"0";2021-05-23;1;25795
"0";2021-05-24;3;25795
"0";2021-05-25;8;25795
"0";2021-05-26;6;25795
"0";2021-05-27;4;25795
"0";2021-05-28;3;25795
"0";2021-05-30;1;25795
"0";2021-05-31;4;25795
"0";2021-06-01;11;25795
"0";2021-06-02;9;25795
"0";2021-06-03;9;25795
"0";2021-06-04;3;25795
"0";2021-06-07;11;25795
"0";2021-06-08;2;25795
"0";2021-06-09;16;25795
"0";2021-06-10;7;25795
"0";2021-06-11;5;25795
"0";2021-06-13;2;25795
"0";2021-06-14;10;25795
"0";2021-06-15;6;25795
"0";2021-06-16;9;25795
"0";2021-06-17;4;25795
"0";2021-06-18;4;25795
"0";2021-06-19;1;25795
"0";2021-06-20;2;25795
"0";2021-06-21;6;25795
"0";2021-06-22;2;25795
"0";2021-06-23;7;25795
"0";2021-06-25;5;25795
"0";2021-06-26;2;25795
"0";2021-06-27;3;25795
"0";2021-06-28;11;25795
"0";2021-06-29;9;25795
"0";2021-06-30;15;25795
"0";2021-07-01;21;25795
"0";2021-07-02;11;25795
"0";2021-07-03;10;25795
"0";2021-07-04;1;25795
"0";2021-07-05;27;25795
"0";2021-07-06;24;25795
"0";2021-07-07;30;25795
"0";2021-07-08;29;25795
"0";2021-07-09;28;25795
"0";2021-07-10;14;25795
"0";2021-07-11;9;25795
"0";2021-07-12;26;25795
"0";2021-07-13;22;25795
"0";2021-07-14;34;25795
"0";2021-07-15;29;25795
"0";2021-07-16;28;25795
"0";2021-07-17;10;25795
"0";2021-07-18;5;25795
"0";2021-07-19;34;25795
"0";2021-07-20;33;25795
"0";2021-07-21;31;25795
"0";2021-07-22;25;25795
"0";2021-07-23;25;25795
"0";2021-07-24;17;25795
"0";2021-07-25;11;25795
"0";2021-07-26;27;25795
"0";2021-07-27;19;25795
"0";2021-07-28;12;25795
"0";2021-07-29;11;25795
"0";2021-07-30;18;25795
"0";2021-07-31;8;25795
"0";2021-08-01;10;25795
"0";2021-08-02;23;25795
"0";2021-08-03;22;25795
"0";2021-08-04;19;25795
"0";2021-08-05;10;25795
"0";2021-08-06;14;25795
"0";2021-08-07;3;25795
"0";2021-08-08;1;25795
"0";2021-08-09;15;25795
"0";2021-08-10;15;25795
"0";2021-08-11;14;25795
"0";2021-08-12;7;25795
"0";2021-08-13;12;25795
"0";2021-08-14;3;25795
"0";2021-08-15;2;25795
"0";2021-08-16;9;25795
"0";2021-08-17;8;25795
"0";2021-08-18;6;25795
"0";2021-08-19;11;25795
"0";2021-08-20;5;25795
"0";2021-08-21;1;25795
"0";2021-08-22;3;25795
"0";2021-08-23;11;25795
"0";2021-08-24;6;25795
"0";2021-08-25;5;25795
"0";2021-08-26;8;25795
"0";2021-08-27;8;25795
"0";2021-08-28;1;25795
"0";2021-08-29;1;25795
"0";2021-08-30;6;25795
"0";2021-08-31;8;25795
"0";2021-09-01;10;25795
"0";2021-09-02;4;25795
"0";2021-09-03;3;25795
"0";2021-09-04;2;25795
"0";2021-09-06;12;25795
"0";2021-09-07;4;25795
"0";2021-09-08;4;25795
"0";2021-09-09;7;25795
"0";2021-09-10;3;25795
"0";2021-09-11;2;25795
"0";2021-09-13;9;25795
"0";2021-09-14;6;25795
"0";2021-09-15;7;25795
"0";2021-09-16;3;25795
"0";2021-09-17;2;25795
"0";2021-09-18;1;25795
"0";2021-09-20;3;25795
"0";2021-09-21;5;25795
"0";2021-09-22;11;25795
"0";2021-09-23;4;25795
"0";2021-09-24;2;25795
"0";2021-09-27;4;25795
"0";2021-09-28;5;25795
"0";2021-09-29;2;25795
"0";2021-09-30;3;25795
"0";2021-10-01;6;25795
"0";2021-10-03;1;25795
"0";2021-10-04;7;25795
"0";2021-10-05;6;25795
"0";2021-10-06;7;25795
"0";2021-10-07;5;25795
"0";2021-10-08;11;25795
"0";2021-10-09;2;25795
"0";2021-10-11;3;25795
"0";2021-10-12;1;25795
"0";2021-10-13;5;25795
"0";2021-10-14;9;25795
"0";2021-10-15;4;25795
"0";2021-10-16;1;25795
"0";2021-10-17;3;25795
"0";2021-10-18;2;25795
"0";2021-10-19;3;25795
"0";2021-10-20;2;25795
"0";2021-10-21;2;25795
"0";2021-10-22;1;25795
"0";2021-10-25;3;25795
"0";2021-10-26;4;25795
"0";2021-10-28;2;25795
"0";2021-10-30;1;25795
"0";2021-10-31;2;25795
"0";2021-11-01;2;25795
"0";2021-11-02;10;25795
"0";2021-11-03;7;25795
"0";2021-11-04;8;25795
"0";2021-11-05;8;25795
"0";2021-11-06;3;25795
"0";2021-11-07;1;25795
"0";2021-11-08;10;25795
"0";2021-11-09;3;25795
"0";2021-11-10;8;25795
"0";2021-11-11;9;25795
"0";2021-11-12;7;25795
"0";2021-11-13;1;25795
"0";2021-11-15;11;25795
"0";2021-11-16;8;25795
"0";2021-11-17;2;25795
"0";2021-11-18;9;25795
"0";2021-11-19;5;25795
"0";2021-11-20;5;25795
"0";2021-11-21;2;25795
"0";2021-11-22;10;25795
"0";2021-11-23;12;25795
"0";2021-11-24;9;25795
"0";2021-11-25;12;25795
"0";2021-11-26;5;25795
"0";2021-11-27;4;25795
"0";2021-11-28;3;25795
"0";2021-11-29;10;25795
"0";2021-11-30;14;25795
"0";2021-12-01;23;25795
"0";2021-12-02;23;25795
"0";2021-12-03;18;25795
"0";2021-12-04;3;25795
"0";2021-12-05;1;25795
"0";2021-12-06;6;25795
"0";2021-12-07;19;25795
"0";2021-12-08;9;25795
"0";2021-12-09;13;25795
"0";2021-12-10;23;25795
"0";2021-12-11;11;25795
"0";2021-12-12;5;25795
"0";2021-12-13;41;25795
"0";2021-12-14;42;25795
"0";2021-12-15;29;25795
"0";2021-12-16;29;25795
"0";2021-12-17;27;25795
"0";2021-12-18;13;25795
"0";2021-12-19;15;25795
"0";2021-12-20;36;25795
"0";2021-12-21;32;25795
"0";2021-12-22;37;25795
"0";2021-12-23;60;25795
"0";2021-12-24;58;25795
"0";2021-12-25;27;25795
"0";2021-12-26;33;25795
"0";2021-12-27;89;25795
"0";2021-12-28;93;25795
"0";2021-12-29;86;25795
"0";2021-12-30;72;25795
"0";2021-12-31;72;25795
"0";2022-01-01;26;25795
"0";2022-01-02;50;25795
"0";2022-01-03;113;25795
"0";2022-01-04;118;25795
"0";2022-01-05;113;25795
"0";2022-01-06;46;25795
"0";2022-01-07;111;25795
"0";2022-01-08;50;25795
"0";2022-01-09;66;25795
"0";2022-01-10;126;25795
"0";2022-01-11;116;25795
"0";2022-01-12;116;25795
"0";2022-01-13;102;25795
"0";2022-01-14;84;25795
"0";2022-01-15;54;25795
"0";2022-01-16;42;25795
"0";2022-01-17;115;25795
"0";2022-01-18;91;25795
"0";2022-01-19;110;25795
"0";2022-01-20;107;25795
"0";2022-01-21;81;25795
"0";2022-01-22;58;25795
"0";2022-01-23;50;25795
"0";2022-01-24;94;25795
"0";2022-01-25;86;25795
"0";2022-01-26;83;25795
"0";2022-01-27;67;25795
"0";2022-01-28;53;25795
"0";2022-01-29;37;25795
"0";2022-01-30;37;25795
"0";2022-01-31;56;25795
"0";2022-02-01;65;25795
"0";2022-02-02;54;25795
"0";2022-02-03;41;25795
"0";2022-02-04;47;25795
"0";2022-02-05;17;25795
"0";2022-02-06;22;25795
"0";2022-02-07;38;25795
"0";2022-02-08;31;25795
"0";2022-02-09;33;25795
"0";2022-02-10;32;25795
"0";2022-02-11;15;25795
"0";2022-02-12;7;25795
"0";2022-02-13;8;25795
"0";2022-02-14;26;25795
"0";2022-02-15;17;25795
"0";2022-02-16;22;25795
"0";2022-02-17;25;25795
"0";2022-02-18;6;25795
"0";2022-02-19;10;25795
"0";2022-02-20;5;25795
"0";2022-02-21;19;25795
"0";2022-02-22;10;25795
"0";2022-02-23;20;25795
"0";2022-02-24;21;25795
"0";2022-02-25;18;25795
"0";2022-02-26;6;25795
"0";2022-02-27;5;25795
"0";2022-02-28;11;25795
"0";2022-03-01;20;25795
"0";2022-03-02;21;25795
"0";2022-03-03;14;25795
"0";2022-03-04;12;25795
"0";2022-03-05;1;25795
"0";2022-03-06;8;25795
"0";2022-03-07;19;25795
"0";2022-03-08;21;25795
"0";2022-03-09;16;25795
"0";2022-03-10;17;25795
"0";2022-03-11;14;25795
"0";2022-03-12;5;25795
"0";2022-03-13;15;25795
"0";2022-03-14;24;25795
"0";2022-03-15;15;25795
"0";2022-03-16;18;25795
"0";2022-03-17;11;25795
"0";2022-03-18;7;25795
"0";2022-03-19;12;25795
"0";2022-03-20;9;25795
"0";2022-03-21;13;25795
"0";2022-03-22;9;25795
"0";2022-03-23;15;25795
"0";2022-03-24;10;25795
"0";2022-03-25;12;25795
"0";2022-03-26;7;25795
"0";2022-03-27;5;25795
"0";2022-03-28;6;25795
"0";2022-03-29;9;25795
"0";2022-03-30;12;25795
"0";2022-03-31;5;25795
"0";2022-04-01;6;25795
"0";2022-04-02;2;25795
"0";2022-04-03;2;25795
"0";2022-04-04;12;25795
"0";2022-04-05;15;25795
"0";2022-04-06;14;25795
"0";2022-04-07;17;25795
"0";2022-04-08;19;25795
"0";2022-04-09;6;25795
"0";2022-04-10;5;25795
"0";2022-04-11;13;25795
"0";2022-04-12;15;25795
"0";2022-04-13;18;25795
"0";2022-04-14;11;25795
"0";2022-04-15;6;25795
"0";2022-04-16;10;25795
"0";2022-04-17;5;25795
"0";2022-04-18;8;25795
"0";2022-04-19;29;25795
"0";2022-04-20;26;25795
"0";2022-04-21;20;25795
"0";2022-04-22;23;25795
"0";2022-04-23;5;25795
"0";2022-04-24;7;25795
"0";2022-04-25;23;25795
"0";2022-04-26;32;25795
"0";2022-04-27;33;25795
"0";2022-04-28;26;25795
"0";2022-04-29;28;25795
"0";2022-04-30;5;25795
"0";2022-05-01;3;25795
"0";2022-05-02;31;25795
"0";2022-05-03;35;25795
"0";2022-05-04;43;25795
"0";2022-05-05;35;25795
"0";2022-05-06;35;25795
"0";2022-05-07;11;25795
"0";2022-05-08;11;25795
"0";2022-05-09;34;25795
"0";2022-05-10;35;25795
"0";2022-05-11;28;25795
"0";2022-05-12;38;25795
"0";2022-05-13;35;25795
"0";2022-05-14;7;25795
"0";2022-05-15;12;25795
"0";2022-05-16;25;25795
"0";2022-05-17;33;25795
"0";2022-05-18;27;25795
"0";2022-05-19;26;25795
"0";2022-05-20;36;25795
"0";2022-05-21;8;25795
"0";2022-05-22;8;25795
"0";2022-05-23;35;25795
"0";2022-05-24;28;25795
"0";2022-05-25;19;25795
"0";2022-05-26;20;25795
"0";2022-05-27;26;25795
"0";2022-05-28;9;25795
"0";2022-05-29;4;25795
"0";2022-05-30;27;25795
"0";2022-05-31;20;25795
"0";2022-06-01;20;25795
"0";2022-06-02;28;25795
"0";2022-06-03;26;25795
"0";2022-06-04;9;25795
"0";2022-06-05;8;25795
"0";2022-06-06;15;25795
"0";2022-06-07;42;25795
"0";2022-06-08;33;25795
"0";2022-06-09;20;25795
"0";2022-06-10;30;25795
"0";2022-06-11;16;25795
"0";2022-06-12;6;25795
"0";2022-06-13;34;25795
"0";2022-06-14;30;25795
"0";2022-06-15;22;25795
"0";2022-06-16;31;25795
"0";2022-06-17;29;25795
"0";2022-06-18;17;25795
"0";2022-06-19;9;25795
"0";2022-06-20;43;25795
"0";2022-06-21;47;25795
"0";2022-06-22;44;25795
"0";2022-06-23;41;25795
"0";2022-06-24;16;25795
"0";2022-06-25;19;25795
"0";2022-06-26;20;25795
"0";2022-06-27;60;25795
"0";2022-06-28;56;25795
"0";2022-06-29;40;25795
"0";2022-06-30;48;25795
"0";NA;145166;25795
"1";2020-12-27;5;24440
"1";2020-12-28;17;24440
"1";2020-12-29;15;24440
"1";2020-12-30;14;24440
"1";2020-12-31;24;24440
"1";2021-01-01;6;24440
"1";2021-01-02;4;24440
"1";2021-01-03;5;24440
"1";2021-01-04;19;24440
"1";2021-01-05;30;24440
"1";2021-01-06;2;24440
"1";2021-01-07;20;24440
"1";2021-01-08;18;24440
"1";2021-01-09;7;24440
"1";2021-01-10;11;24440
"1";2021-01-11;34;24440
"1";2021-01-12;28;24440
"1";2021-01-13;28;24440
"1";2021-01-14;20;24440
"1";2021-01-15;20;24440
"1";2021-01-16;9;24440
"1";2021-01-17;5;24440
"1";2021-01-18;17;24440
"1";2021-01-19;26;24440
"1";2021-01-20;21;24440
"1";2021-01-21;18;24440
"1";2021-01-22;15;24440
"1";2021-01-23;7;24440
"1";2021-01-24;8;24440
"1";2021-01-25;22;24440
"1";2021-01-26;16;24440
"1";2021-01-27;20;24440
"1";2021-01-28;18;24440
"1";2021-01-29;13;24440
"1";2021-01-30;4;24440
"1";2021-01-31;6;24440
"1";2021-02-01;8;24440
"1";2021-02-02;15;24440
"1";2021-02-03;16;24440
"1";2021-02-04;11;24440
"1";2021-02-05;8;24440
"1";2021-02-06;4;24440
"1";2021-02-07;8;24440
"1";2021-02-08;11;24440
"1";2021-02-09;11;24440
"1";2021-02-10;9;24440
"1";2021-02-11;13;24440
"1";2021-02-12;11;24440
"1";2021-02-13;4;24440
"1";2021-02-14;6;24440
"1";2021-02-15;6;24440
"1";2021-02-16;13;24440
"1";2021-02-17;10;24440
"1";2021-02-18;9;24440
"1";2021-02-19;6;24440
"1";2021-02-20;4;24440
"1";2021-02-21;2;24440
"1";2021-02-22;10;24440
"1";2021-02-23;8;24440
"1";2021-02-24;7;24440
"1";2021-02-25;8;24440
"1";2021-02-26;5;24440
"1";2021-03-01;6;24440
"1";2021-03-02;7;24440
"1";2021-03-03;8;24440
"1";2021-03-04;7;24440
"1";2021-03-05;5;24440
"1";2021-03-07;2;24440
"1";2021-03-08;5;24440
"1";2021-03-09;4;24440
"1";2021-03-10;4;24440
"1";2021-03-11;7;24440
"1";2021-03-12;8;24440
"1";2021-03-13;1;24440
"1";2021-03-14;3;24440
"1";2021-03-15;4;24440
"1";2021-03-16;8;24440
"1";2021-03-17;9;24440
"1";2021-03-18;3;24440
"1";2021-03-19;5;24440
"1";2021-03-20;5;24440
"1";2021-03-21;3;24440
"1";2021-03-22;8;24440
"1";2021-03-23;10;24440
"1";2021-03-24;7;24440
"1";2021-03-25;7;24440
"1";2021-03-26;7;24440
"1";2021-03-28;1;24440
"1";2021-03-29;7;24440
"1";2021-03-30;10;24440
"1";2021-03-31;9;24440
"1";2021-04-01;7;24440
"1";2021-04-02;7;24440
"1";2021-04-03;2;24440
"1";2021-04-04;2;24440
"1";2021-04-05;4;24440
"1";2021-04-06;11;24440
"1";2021-04-07;5;24440
"1";2021-04-08;13;24440
"1";2021-04-09;9;24440
"1";2021-04-10;1;24440
"1";2021-04-11;6;24440
"1";2021-04-12;9;24440
"1";2021-04-13;11;24440
"1";2021-04-14;13;24440
"1";2021-04-15;15;24440
"1";2021-04-16;13;24440
"1";2021-04-17;4;24440
"1";2021-04-19;11;24440
"1";2021-04-20;8;24440
"1";2021-04-21;5;24440
"1";2021-04-22;4;24440
"1";2021-04-23;3;24440
"1";2021-04-24;4;24440
"1";2021-04-26;8;24440
"1";2021-04-27;10;24440
"1";2021-04-28;7;24440
"1";2021-04-29;7;24440
"1";2021-04-30;5;24440
"1";2021-05-02;3;24440
"1";2021-05-03;6;24440
"1";2021-05-04;5;24440
"1";2021-05-05;6;24440
"1";2021-05-06;5;24440
"1";2021-05-07;8;24440
"1";2021-05-09;4;24440
"1";2021-05-10;8;24440
"1";2021-05-11;3;24440
"1";2021-05-12;9;24440
"1";2021-05-13;3;24440
"1";2021-05-14;6;24440
"1";2021-05-16;2;24440
"1";2021-05-17;2;24440
"1";2021-05-18;12;24440
"1";2021-05-19;2;24440
"1";2021-05-20;4;24440
"1";2021-05-21;6;24440
"1";2021-05-22;1;24440
"1";2021-05-23;2;24440
"1";2021-05-24;3;24440
"1";2021-05-25;6;24440
"1";2021-05-26;4;24440
"1";2021-05-27;5;24440
"1";2021-05-28;3;24440
"1";2021-05-29;1;24440
"1";2021-05-30;1;24440
"1";2021-05-31;2;24440
"1";2021-06-01;9;24440
"1";2021-06-02;8;24440
"1";2021-06-03;7;24440
"1";2021-06-04;11;24440
"1";2021-06-05;3;24440
"1";2021-06-07;9;24440
"1";2021-06-08;5;24440
"1";2021-06-09;10;24440
"1";2021-06-10;6;24440
"1";2021-06-11;5;24440
"1";2021-06-14;4;24440
"1";2021-06-15;3;24440
"1";2021-06-16;6;24440
"1";2021-06-17;3;24440
"1";2021-06-18;3;24440
"1";2021-06-21;3;24440
"1";2021-06-22;7;24440
"1";2021-06-23;7;24440
"1";2021-06-25;2;24440
"1";2021-06-26;2;24440
"1";2021-06-27;1;24440
"1";2021-06-28;5;24440
"1";2021-06-29;8;24440
"1";2021-06-30;9;24440
"1";2021-07-01;23;24440
"1";2021-07-02;11;24440
"1";2021-07-03;7;24440
"1";2021-07-04;10;24440
"1";2021-07-05;20;24440
"1";2021-07-06;15;24440
"1";2021-07-07;11;24440
"1";2021-07-08;16;24440
"1";2021-07-09;25;24440
"1";2021-07-10;13;24440
"1";2021-07-11;13;24440
"1";2021-07-12;23;24440
"1";2021-07-13;26;24440
"1";2021-07-14;28;24440
"1";2021-07-15;27;24440
"1";2021-07-16;19;24440
"1";2021-07-17;15;24440
"1";2021-07-18;4;24440
"1";2021-07-19;23;24440
"1";2021-07-20;26;24440
"1";2021-07-21;22;24440
"1";2021-07-22;22;24440
"1";2021-07-23;24;24440
"1";2021-07-24;8;24440
"1";2021-07-25;9;24440
"1";2021-07-26;23;24440
"1";2021-07-27;19;24440
"1";2021-07-28;24;24440
"1";2021-07-29;19;24440
"1";2021-07-30;13;24440
"1";2021-07-31;1;24440
"1";2021-08-01;1;24440
"1";2021-08-02;22;24440
"1";2021-08-03;23;24440
"1";2021-08-04;13;24440
"1";2021-08-05;10;24440
"1";2021-08-06;7;24440
"1";2021-08-07;8;24440
"1";2021-08-08;5;24440
"1";2021-08-09;14;24440
"1";2021-08-10;12;24440
"1";2021-08-11;8;24440
"1";2021-08-12;8;24440
"1";2021-08-13;7;24440
"1";2021-08-14;3;24440
"1";2021-08-15;2;24440
"1";2021-08-16;5;24440
"1";2021-08-17;7;24440
"1";2021-08-18;6;24440
"1";2021-08-19;10;24440
"1";2021-08-20;7;24440
"1";2021-08-21;1;24440
"1";2021-08-22;2;24440
"1";2021-08-23;7;24440
"1";2021-08-24;4;24440
"1";2021-08-25;3;24440
"1";2021-08-26;8;24440
"1";2021-08-27;1;24440
"1";2021-08-28;2;24440
"1";2021-08-29;2;24440
"1";2021-08-30;7;24440
"1";2021-08-31;9;24440
"1";2021-09-01;6;24440
"1";2021-09-02;6;24440
"1";2021-09-03;7;24440
"1";2021-09-04;1;24440
"1";2021-09-05;3;24440
"1";2021-09-06;9;24440
"1";2021-09-07;9;24440
"1";2021-09-08;8;24440
"1";2021-09-09;3;24440
"1";2021-09-10;5;24440
"1";2021-09-11;1;24440
"1";2021-09-12;1;24440
"1";2021-09-13;12;24440
"1";2021-09-14;5;24440
"1";2021-09-15;4;24440
"1";2021-09-16;14;24440
"1";2021-09-18;1;24440
"1";2021-09-19;1;24440
"1";2021-09-20;2;24440
"1";2021-09-21;5;24440
"1";2021-09-22;7;24440
"1";2021-09-23;5;24440
"1";2021-09-24;2;24440
"1";2021-09-25;5;24440
"1";2021-09-26;1;24440
"1";2021-09-27;6;24440
"1";2021-09-28;3;24440
"1";2021-09-29;6;24440
"1";2021-09-30;8;24440
"1";2021-10-01;11;24440
"1";2021-10-04;11;24440
"1";2021-10-05;6;24440
"1";2021-10-06;10;24440
"1";2021-10-07;7;24440
"1";2021-10-08;7;24440
"1";2021-10-10;1;24440
"1";2021-10-11;6;24440
"1";2021-10-12;1;24440
"1";2021-10-14;4;24440
"1";2021-10-15;4;24440
"1";2021-10-16;1;24440
"1";2021-10-17;1;24440
"1";2021-10-18;5;24440
"1";2021-10-19;4;24440
"1";2021-10-20;3;24440
"1";2021-10-21;7;24440
"1";2021-10-22;4;24440
"1";2021-10-25;2;24440
"1";2021-10-26;2;24440
"1";2021-10-27;9;24440
"1";2021-10-28;1;24440
"1";2021-10-30;1;24440
"1";2021-11-01;1;24440
"1";2021-11-02;6;24440
"1";2021-11-03;3;24440
"1";2021-11-04;7;24440
"1";2021-11-05;6;24440
"1";2021-11-06;1;24440
"1";2021-11-07;1;24440
"1";2021-11-08;4;24440
"1";2021-11-09;15;24440
"1";2021-11-10;3;24440
"1";2021-11-11;10;24440
"1";2021-11-12;2;24440
"1";2021-11-14;2;24440
"1";2021-11-15;10;24440
"1";2021-11-16;10;24440
"1";2021-11-17;4;24440
"1";2021-11-18;6;24440
"1";2021-11-19;5;24440
"1";2021-11-20;2;24440
"1";2021-11-22;9;24440
"1";2021-11-23;6;24440
"1";2021-11-24;11;24440
"1";2021-11-25;9;24440
"1";2021-11-26;9;24440
"1";2021-11-27;5;24440
"1";2021-11-28;1;24440
"1";2021-11-29;7;24440
"1";2021-11-30;9;24440
"1";2021-12-01;17;24440
"1";2021-12-02;11;24440
"1";2021-12-03;14;24440
"1";2021-12-04;4;24440
"1";2021-12-05;6;24440
"1";2021-12-06;5;24440
"1";2021-12-07;21;24440
"1";2021-12-08;10;24440
"1";2021-12-09;24;24440
"1";2021-12-10;22;24440
"1";2021-12-11;6;24440
"1";2021-12-12;7;24440
"1";2021-12-13;28;24440
"1";2021-12-14;31;24440
"1";2021-12-15;23;24440
"1";2021-12-16;22;24440
"1";2021-12-17;27;24440
"1";2021-12-18;16;24440
"1";2021-12-19;10;24440
"1";2021-12-20;32;24440
"1";2021-12-21;29;24440
"1";2021-12-22;41;24440
"1";2021-12-23;40;24440
"1";2021-12-24;47;24440
"1";2021-12-25;28;24440
"1";2021-12-26;33;24440
"1";2021-12-27;70;24440
"1";2021-12-28;76;24440
"1";2021-12-29;84;24440
"1";2021-12-30;78;24440
"1";2021-12-31;64;24440
"1";2022-01-01;28;24440
"1";2022-01-02;26;24440
"1";2022-01-03;95;24440
"1";2022-01-04;88;24440
"1";2022-01-05;98;24440
"1";2022-01-06;36;24440
"1";2022-01-07;84;24440
"1";2022-01-08;56;24440
"1";2022-01-09;53;24440
"1";2022-01-10;122;24440
"1";2022-01-11;106;24440
"1";2022-01-12;103;24440
"1";2022-01-13;67;24440
"1";2022-01-14;85;24440
"1";2022-01-15;47;24440
"1";2022-01-16;34;24440
"1";2022-01-17;105;24440
"1";2022-01-18;82;24440
"1";2022-01-19;82;24440
"1";2022-01-20;77;24440
"1";2022-01-21;74;24440
"1";2022-01-22;54;24440
"1";2022-01-23;42;24440
"1";2022-01-24;76;24440
"1";2022-01-25;74;24440
"1";2022-01-26;68;24440
"1";2022-01-27;70;24440
"1";2022-01-28;59;24440
"1";2022-01-29;23;24440
"1";2022-01-30;36;24440
"1";2022-01-31;68;24440
"1";2022-02-01;53;24440
"1";2022-02-02;37;24440
"1";2022-02-03;45;24440
"1";2022-02-04;31;24440
"1";2022-02-05;20;24440
"1";2022-02-06;12;24440
"1";2022-02-07;43;24440
"1";2022-02-08;28;24440
"1";2022-02-09;24;24440
"1";2022-02-10;22;24440
"1";2022-02-11;14;24440
"1";2022-02-12;10;24440
"1";2022-02-13;10;24440
"1";2022-02-14;28;24440
"1";2022-02-15;25;24440
"1";2022-02-16;14;24440
"1";2022-02-17;22;24440
"1";2022-02-18;24;24440
"1";2022-02-19;11;24440
"1";2022-02-20;8;24440
"1";2022-02-21;12;24440
"1";2022-02-22;8;24440
"1";2022-02-23;12;24440
"1";2022-02-24;11;24440
"1";2022-02-25;10;24440
"1";2022-02-26;4;24440
"1";2022-02-27;5;24440
"1";2022-02-28;21;24440
"1";2022-03-01;9;24440
"1";2022-03-02;13;24440
"1";2022-03-03;19;24440
"1";2022-03-04;16;24440
"1";2022-03-05;7;24440
"1";2022-03-06;4;24440
"1";2022-03-07;13;24440
"1";2022-03-08;19;24440
"1";2022-03-09;20;24440
"1";2022-03-10;8;24440
"1";2022-03-11;12;24440
"1";2022-03-12;6;24440
"1";2022-03-13;5;24440
"1";2022-03-14;25;24440
"1";2022-03-15;16;24440
"1";2022-03-16;15;24440
"1";2022-03-17;11;24440
"1";2022-03-18;24;24440
"1";2022-03-19;10;24440
"1";2022-03-20;7;24440
"1";2022-03-21;19;24440
"1";2022-03-22;4;24440
"1";2022-03-23;12;24440
"1";2022-03-24;6;24440
"1";2022-03-25;8;24440
"1";2022-03-26;4;24440
"1";2022-03-27;4;24440
"1";2022-03-28;12;24440
"1";2022-03-29;11;24440
"1";2022-03-30;13;24440
"1";2022-03-31;11;24440
"1";2022-04-01;14;24440
"1";2022-04-02;5;24440
"1";2022-04-03;2;24440
"1";2022-04-04;17;24440
"1";2022-04-05;10;24440
"1";2022-04-06;14;24440
"1";2022-04-07;10;24440
"1";2022-04-08;10;24440
"1";2022-04-09;7;24440
"1";2022-04-10;3;24440
"1";2022-04-11;14;24440
"1";2022-04-12;19;24440
"1";2022-04-13;11;24440
"1";2022-04-14;7;24440
"1";2022-04-15;6;24440
"1";2022-04-16;5;24440
"1";2022-04-17;5;24440
"1";2022-04-18;6;24440
"1";2022-04-19;28;24440
"1";2022-04-20;16;24440
"1";2022-04-21;14;24440
"1";2022-04-22;15;24440
"1";2022-04-23;6;24440
"1";2022-04-24;5;24440
"1";2022-04-25;19;24440
"1";2022-04-26;35;24440
"1";2022-04-27;19;24440
"1";2022-04-28;14;24440
"1";2022-04-29;28;24440
"1";2022-04-30;7;24440
"1";2022-05-01;2;24440
"1";2022-05-02;35;24440
"1";2022-05-03;36;24440
"1";2022-05-04;22;24440
"1";2022-05-05;28;24440
"1";2022-05-06;31;24440
"1";2022-05-07;15;24440
"1";2022-05-08;11;24440
"1";2022-05-09;31;24440
"1";2022-05-10;29;24440
"1";2022-05-11;24;24440
"1";2022-05-12;36;24440
"1";2022-05-13;34;24440
"1";2022-05-14;7;24440
"1";2022-05-15;8;24440
"1";2022-05-16;46;24440
"1";2022-05-17;27;24440
"1";2022-05-18;32;24440
"1";2022-05-19;21;24440
"1";2022-05-20;28;24440
"1";2022-05-21;13;24440
"1";2022-05-22;4;24440
"1";2022-05-23;32;24440
"1";2022-05-24;32;24440
"1";2022-05-25;29;24440
"1";2022-05-26;16;24440
"1";2022-05-27;21;24440
"1";2022-05-28;7;24440
"1";2022-05-29;5;24440
"1";2022-05-30;19;24440
"1";2022-05-31;27;24440
"1";2022-06-01;26;24440
"1";2022-06-02;21;24440
"1";2022-06-03;32;24440
"1";2022-06-04;3;24440
"1";2022-06-05;15;24440
"1";2022-06-06;8;24440
"1";2022-06-07;43;24440
"1";2022-06-08;35;24440
"1";2022-06-09;23;24440
"1";2022-06-10;36;24440
"1";2022-06-11;12;24440
"1";2022-06-12;6;24440
"1";2022-06-13;41;24440
"1";2022-06-14;31;24440
"1";2022-06-15;30;24440
"1";2022-06-16;31;24440
"1";2022-06-17;31;24440
"1";2022-06-18;17;24440
"1";2022-06-19;15;24440
"1";2022-06-20;41;24440
"1";2022-06-21;28;24440
"1";2022-06-22;40;24440
"1";2022-06-23;36;24440
"1";2022-06-24;13;24440
"1";2022-06-25;18;24440
"1";2022-06-26;15;24440
"1";2022-06-27;63;24440
"1";2022-06-28;58;24440
"1";2022-06-29;41;24440
"1";2022-06-30;39;24440
"1";NA;138154;24440
"2";2020-12-27;9;21542
"2";2020-12-28;18;21542
"2";2020-12-29;17;21542
"2";2020-12-30;15;21542
"2";2020-12-31;16;21542
"2";2021-01-01;3;21542
"2";2021-01-02;1;21542
"2";2021-01-03;8;21542
"2";2021-01-04;11;21542
"2";2021-01-05;18;21542
"2";2021-01-06;5;21542
"2";2021-01-07;21;21542
"2";2021-01-08;16;21542
"2";2021-01-09;1;21542
"2";2021-01-10;5;21542
"2";2021-01-11;19;21542
"2";2021-01-12;23;21542
"2";2021-01-13;14;21542
"2";2021-01-14;16;21542
"2";2021-01-15;27;21542
"2";2021-01-16;9;21542
"2";2021-01-17;12;21542
"2";2021-01-18;24;21542
"2";2021-01-19;17;21542
"2";2021-01-20;18;21542
"2";2021-01-21;23;21542
"2";2021-01-22;13;21542
"2";2021-01-23;3;21542
"2";2021-01-24;4;21542
"2";2021-01-25;19;21542
"2";2021-01-26;17;21542
"2";2021-01-27;13;21542
"2";2021-01-28;14;21542
"2";2021-01-29;12;21542
"2";2021-01-30;8;21542
"2";2021-01-31;6;21542
"2";2021-02-01;16;21542
"2";2021-02-02;16;21542
"2";2021-02-03;9;21542
"2";2021-02-04;11;21542
"2";2021-02-05;12;21542
"2";2021-02-06;4;21542
"2";2021-02-07;10;21542
"2";2021-02-08;4;21542
"2";2021-02-09;4;21542
"2";2021-02-10;7;21542
"2";2021-02-11;7;21542
"2";2021-02-12;7;21542
"2";2021-02-13;1;21542
"2";2021-02-15;11;21542
"2";2021-02-16;6;21542
"2";2021-02-17;8;21542
"2";2021-02-18;7;21542
"2";2021-02-19;4;21542
"2";2021-02-20;3;21542
"2";2021-02-21;1;21542
"2";2021-02-22;7;21542
"2";2021-02-23;6;21542
"2";2021-02-24;2;21542
"2";2021-02-25;3;21542
"2";2021-02-26;5;21542
"2";2021-02-27;3;21542
"2";2021-02-28;3;21542
"2";2021-03-01;8;21542
"2";2021-03-02;3;21542
"2";2021-03-03;3;21542
"2";2021-03-04;6;21542
"2";2021-03-05;8;21542
"2";2021-03-07;2;21542
"2";2021-03-08;6;21542
"2";2021-03-09;2;21542
"2";2021-03-10;3;21542
"2";2021-03-11;2;21542
"2";2021-03-12;5;21542
"2";2021-03-14;1;21542
"2";2021-03-15;5;21542
"2";2021-03-16;5;21542
"2";2021-03-17;4;21542
"2";2021-03-18;6;21542
"2";2021-03-19;7;21542
"2";2021-03-20;1;21542
"2";2021-03-21;4;21542
"2";2021-03-22;7;21542
"2";2021-03-23;5;21542
"2";2021-03-24;4;21542
"2";2021-03-25;6;21542
"2";2021-03-26;14;21542
"2";2021-03-27;2;21542
"2";2021-03-28;2;21542
"2";2021-03-29;7;21542
"2";2021-03-30;3;21542
"2";2021-03-31;6;21542
"2";2021-04-01;10;21542
"2";2021-04-02;1;21542
"2";2021-04-03;7;21542
"2";2021-04-04;4;21542
"2";2021-04-05;4;21542
"2";2021-04-06;5;21542
"2";2021-04-07;8;21542
"2";2021-04-08;12;21542
"2";2021-04-09;9;21542
"2";2021-04-10;8;21542
"2";2021-04-11;2;21542
"2";2021-04-12;11;21542
"2";2021-04-13;6;21542
"2";2021-04-14;9;21542
"2";2021-04-15;7;21542
"2";2021-04-16;3;21542
"2";2021-04-17;4;21542
"2";2021-04-18;1;21542
"2";2021-04-19;8;21542
"2";2021-04-20;7;21542
"2";2021-04-21;12;21542
"2";2021-04-22;6;21542
"2";2021-04-23;10;21542
"2";2021-04-24;1;21542
"2";2021-04-25;2;21542
"2";2021-04-26;9;21542
"2";2021-04-27;13;21542
"2";2021-04-28;6;21542
"2";2021-04-29;8;21542
"2";2021-04-30;3;21542
"2";2021-05-01;4;21542
"2";2021-05-02;4;21542
"2";2021-05-03;8;21542
"2";2021-05-04;11;21542
"2";2021-05-05;5;21542
"2";2021-05-06;3;21542
"2";2021-05-07;12;21542
"2";2021-05-08;1;21542
"2";2021-05-09;2;21542
"2";2021-05-10;5;21542
"2";2021-05-11;6;21542
"2";2021-05-12;10;21542
"2";2021-05-13;2;21542
"2";2021-05-14;3;21542
"2";2021-05-16;1;21542
"2";2021-05-17;7;21542
"2";2021-05-18;2;21542
"2";2021-05-19;1;21542
"2";2021-05-20;3;21542
"2";2021-05-21;2;21542
"2";2021-05-23;2;21542
"2";2021-05-24;2;21542
"2";2021-05-25;3;21542
"2";2021-05-26;3;21542
"2";2021-05-27;3;21542
"2";2021-05-28;1;21542
"2";2021-05-29;1;21542
"2";2021-05-31;2;21542
"2";2021-06-01;7;21542
"2";2021-06-02;8;21542
"2";2021-06-03;13;21542
"2";2021-06-04;3;21542
"2";2021-06-05;1;21542
"2";2021-06-06;2;21542
"2";2021-06-07;5;21542
"2";2021-06-08;8;21542
"2";2021-06-09;2;21542
"2";2021-06-10;8;21542
"2";2021-06-11;2;21542
"2";2021-06-12;2;21542
"2";2021-06-13;1;21542
"2";2021-06-14;3;21542
"2";2021-06-15;2;21542
"2";2021-06-16;3;21542
"2";2021-06-17;2;21542
"2";2021-06-18;4;21542
"2";2021-06-21;3;21542
"2";2021-06-22;1;21542
"2";2021-06-23;5;21542
"2";2021-06-24;1;21542
"2";2021-06-25;5;21542
"2";2021-06-27;3;21542
"2";2021-06-28;7;21542
"2";2021-06-29;13;21542
"2";2021-06-30;7;21542
"2";2021-07-01;16;21542
"2";2021-07-02;15;21542
"2";2021-07-03;5;21542
"2";2021-07-05;24;21542
"2";2021-07-06;18;21542
"2";2021-07-07;22;21542
"2";2021-07-08;24;21542
"2";2021-07-09;9;21542
"2";2021-07-10;13;21542
"2";2021-07-11;8;21542
"2";2021-07-12;24;21542
"2";2021-07-13;23;21542
"2";2021-07-14;12;21542
"2";2021-07-15;13;21542
"2";2021-07-16;21;21542
"2";2021-07-17;11;21542
"2";2021-07-18;6;21542
"2";2021-07-19;16;21542
"2";2021-07-20;20;21542
"2";2021-07-21;14;21542
"2";2021-07-22;22;21542
"2";2021-07-23;20;21542
"2";2021-07-24;12;21542
"2";2021-07-25;5;21542
"2";2021-07-26;16;21542
"2";2021-07-27;12;21542
"2";2021-07-28;13;21542
"2";2021-07-29;11;21542
"2";2021-07-30;13;21542
"2";2021-07-31;4;21542
"2";2021-08-01;5;21542
"2";2021-08-02;14;21542
"2";2021-08-03;11;21542
"2";2021-08-04;9;21542
"2";2021-08-05;9;21542
"2";2021-08-06;7;21542
"2";2021-08-07;2;21542
"2";2021-08-08;2;21542
"2";2021-08-09;11;21542
"2";2021-08-10;4;21542
"2";2021-08-11;9;21542
"2";2021-08-12;7;21542
"2";2021-08-13;10;21542
"2";2021-08-14;2;21542
"2";2021-08-15;1;21542
"2";2021-08-16;11;21542
"2";2021-08-17;14;21542
"2";2021-08-18;6;21542
"2";2021-08-19;3;21542
"2";2021-08-20;5;21542
"2";2021-08-21;1;21542
"2";2021-08-22;2;21542
"2";2021-08-23;12;21542
"2";2021-08-24;2;21542
"2";2021-08-25;3;21542
"2";2021-08-26;7;21542
"2";2021-08-27;5;21542
"2";2021-08-28;1;21542
"2";2021-08-29;1;21542
"2";2021-08-30;5;21542
"2";2021-08-31;2;21542
"2";2021-09-01;7;21542
"2";2021-09-02;3;21542
"2";2021-09-03;6;21542
"2";2021-09-05;1;21542
"2";2021-09-06;4;21542
"2";2021-09-07;18;21542
"2";2021-09-08;6;21542
"2";2021-09-09;4;21542
"2";2021-09-10;3;21542
"2";2021-09-12;1;21542
"2";2021-09-13;8;21542
"2";2021-09-14;5;21542
"2";2021-09-15;7;21542
"2";2021-09-16;3;21542
"2";2021-09-17;3;21542
"2";2021-09-19;1;21542
"2";2021-09-20;4;21542
"2";2021-09-21;2;21542
"2";2021-09-22;3;21542
"2";2021-09-23;2;21542
"2";2021-09-24;1;21542
"2";2021-09-27;1;21542
"2";2021-09-28;1;21542
"2";2021-09-29;4;21542
"2";2021-09-30;2;21542
"2";2021-10-01;11;21542
"2";2021-10-04;4;21542
"2";2021-10-05;3;21542
"2";2021-10-06;9;21542
"2";2021-10-07;9;21542
"2";2021-10-08;4;21542
"2";2021-10-09;1;21542
"2";2021-10-10;1;21542
"2";2021-10-11;2;21542
"2";2021-10-13;4;21542
"2";2021-10-14;4;21542
"2";2021-10-15;3;21542
"2";2021-10-16;3;21542
"2";2021-10-18;2;21542
"2";2021-10-19;2;21542
"2";2021-10-20;7;21542
"2";2021-10-21;4;21542
"2";2021-10-22;4;21542
"2";2021-10-25;1;21542
"2";2021-10-26;3;21542
"2";2021-10-27;1;21542
"2";2021-10-28;1;21542
"2";2021-10-29;3;21542
"2";2021-10-30;1;21542
"2";2021-10-31;1;21542
"2";2021-11-01;2;21542
"2";2021-11-02;14;21542
"2";2021-11-03;13;21542
"2";2021-11-04;7;21542
"2";2021-11-05;6;21542
"2";2021-11-06;2;21542
"2";2021-11-07;2;21542
"2";2021-11-08;10;21542
"2";2021-11-09;8;21542
"2";2021-11-10;6;21542
"2";2021-11-11;8;21542
"2";2021-11-12;3;21542
"2";2021-11-13;1;21542
"2";2021-11-14;3;21542
"2";2021-11-15;7;21542
"2";2021-11-16;6;21542
"2";2021-11-17;6;21542
"2";2021-11-18;7;21542
"2";2021-11-19;8;21542
"2";2021-11-20;2;21542
"2";2021-11-21;2;21542
"2";2021-11-22;4;21542
"2";2021-11-23;8;21542
"2";2021-11-24;6;21542
"2";2021-11-25;9;21542
"2";2021-11-26;11;21542
"2";2021-11-27;3;21542
"2";2021-11-28;2;21542
"2";2021-11-29;7;21542
"2";2021-11-30;15;21542
"2";2021-12-01;10;21542
"2";2021-12-02;21;21542
"2";2021-12-03;16;21542
"2";2021-12-04;3;21542
"2";2021-12-05;7;21542
"2";2021-12-06;6;21542
"2";2021-12-07;14;21542
"2";2021-12-08;9;21542
"2";2021-12-09;22;21542
"2";2021-12-10;22;21542
"2";2021-12-11;5;21542
"2";2021-12-12;5;21542
"2";2021-12-13;23;21542
"2";2021-12-14;22;21542
"2";2021-12-15;18;21542
"2";2021-12-16;26;21542
"2";2021-12-17;23;21542
"2";2021-12-18;6;21542
"2";2021-12-19;12;21542
"2";2021-12-20;41;21542
"2";2021-12-21;26;21542
"2";2021-12-22;31;21542
"2";2021-12-23;26;21542
"2";2021-12-24;46;21542
"2";2021-12-25;17;21542
"2";2021-12-26;18;21542
"2";2021-12-27;58;21542
"2";2021-12-28;82;21542
"2";2021-12-29;66;21542
"2";2021-12-30;63;21542
"2";2021-12-31;55;21542
"2";2022-01-01;15;21542
"2";2022-01-02;43;21542
"2";2022-01-03;83;21542
"2";2022-01-04;76;21542
"2";2022-01-05;76;21542
"2";2022-01-06;34;21542
"2";2022-01-07;72;21542
"2";2022-01-08;41;21542
"2";2022-01-09;38;21542
"2";2022-01-10;114;21542
"2";2022-01-11;74;21542
"2";2022-01-12;79;21542
"2";2022-01-13;66;21542
"2";2022-01-14;49;21542
"2";2022-01-15;32;21542
"2";2022-01-16;31;21542
"2";2022-01-17;65;21542
"2";2022-01-18;63;21542
"2";2022-01-19;76;21542
"2";2022-01-20;74;21542
"2";2022-01-21;72;21542
"2";2022-01-22;33;21542
"2";2022-01-23;43;21542
"2";2022-01-24;95;21542
"2";2022-01-25;55;21542
"2";2022-01-26;71;21542
"2";2022-01-27;56;21542
"2";2022-01-28;53;21542
"2";2022-01-29;32;21542
"2";2022-01-30;21;21542
"2";2022-01-31;46;21542
"2";2022-02-01;31;21542
"2";2022-02-02;38;21542
"2";2022-02-03;34;21542
"2";2022-02-04;20;21542
"2";2022-02-05;13;21542
"2";2022-02-06;19;21542
"2";2022-02-07;39;21542
"2";2022-02-08;32;21542
"2";2022-02-09;27;21542
"2";2022-02-10;21;21542
"2";2022-02-11;17;21542
"2";2022-02-12;6;21542
"2";2022-02-13;2;21542
"2";2022-02-14;20;21542
"2";2022-02-15;13;21542
"2";2022-02-16;14;21542
"2";2022-02-17;13;21542
"2";2022-02-18;14;21542
"2";2022-02-19;10;21542
"2";2022-02-20;5;21542
"2";2022-02-21;11;21542
"2";2022-02-22;10;21542
"2";2022-02-23;16;21542
"2";2022-02-24;12;21542
"2";2022-02-25;13;21542
"2";2022-02-26;5;21542
"2";2022-02-27;2;21542
"2";2022-02-28;13;21542
"2";2022-03-01;11;21542
"2";2022-03-02;8;21542
"2";2022-03-03;21;21542
"2";2022-03-04;13;21542
"2";2022-03-05;3;21542
"2";2022-03-06;4;21542
"2";2022-03-07;13;21542
"2";2022-03-08;11;21542
"2";2022-03-09;18;21542
"2";2022-03-10;21;21542
"2";2022-03-11;16;21542
"2";2022-03-12;2;21542
"2";2022-03-13;3;21542
"2";2022-03-14;18;21542
"2";2022-03-15;10;21542
"2";2022-03-16;16;21542
"2";2022-03-17;10;21542
"2";2022-03-18;10;21542
"2";2022-03-19;2;21542
"2";2022-03-20;5;21542
"2";2022-03-21;6;21542
"2";2022-03-22;10;21542
"2";2022-03-23;7;21542
"2";2022-03-24;10;21542
"2";2022-03-25;17;21542
"2";2022-03-26;3;21542
"2";2022-03-27;4;21542
"2";2022-03-28;15;21542
"2";2022-03-29;15;21542
"2";2022-03-30;10;21542
"2";2022-03-31;3;21542
"2";2022-04-01;18;21542
"2";2022-04-02;5;21542
"2";2022-04-03;6;21542
"2";2022-04-04;13;21542
"2";2022-04-05;13;21542
"2";2022-04-06;12;21542
"2";2022-04-07;6;21542
"2";2022-04-08;15;21542
"2";2022-04-09;3;21542
"2";2022-04-10;6;21542
"2";2022-04-11;12;21542
"2";2022-04-12;19;21542
"2";2022-04-13;11;21542
"2";2022-04-14;9;21542
"2";2022-04-15;1;21542
"2";2022-04-16;5;21542
"2";2022-04-17;7;21542
"2";2022-04-18;9;21542
"2";2022-04-19;22;21542
"2";2022-04-20;18;21542
"2";2022-04-21;15;21542
"2";2022-04-22;11;21542
"2";2022-04-23;7;21542
"2";2022-04-24;3;21542
"2";2022-04-25;22;21542
"2";2022-04-26;25;21542
"2";2022-04-27;13;21542
"2";2022-04-28;19;21542
"2";2022-04-29;23;21542
"2";2022-04-30;13;21542
"2";2022-05-01;7;21542
"2";2022-05-02;35;21542
"2";2022-05-03;35;21542
"2";2022-05-04;29;21542
"2";2022-05-05;24;21542
"2";2022-05-06;23;21542
"2";2022-05-07;9;21542
"2";2022-05-08;7;21542
"2";2022-05-09;34;21542
"2";2022-05-10;30;21542
"2";2022-05-11;29;21542
"2";2022-05-12;23;21542
"2";2022-05-13;21;21542
"2";2022-05-14;6;21542
"2";2022-05-15;10;21542
"2";2022-05-16;28;21542
"2";2022-05-17;17;21542
"2";2022-05-18;30;21542
"2";2022-05-19;21;21542
"2";2022-05-20;24;21542
"2";2022-05-21;4;21542
"2";2022-05-22;5;21542
"2";2022-05-23;27;21542
"2";2022-05-24;22;21542
"2";2022-05-25;25;21542
"2";2022-05-26;26;21542
"2";2022-05-27;20;21542
"2";2022-05-28;4;21542
"2";2022-05-29;4;21542
"2";2022-05-30;19;21542
"2";2022-05-31;19;21542
"2";2022-06-01;26;21542
"2";2022-06-02;20;21542
"2";2022-06-03;13;21542
"2";2022-06-04;8;21542
"2";2022-06-05;5;21542
"2";2022-06-06;10;21542
"2";2022-06-07;36;21542
"2";2022-06-08;37;21542
"2";2022-06-09;23;21542
"2";2022-06-10;26;21542
"2";2022-06-11;10;21542
"2";2022-06-12;13;21542
"2";2022-06-13;24;21542
"2";2022-06-14;19;21542
"2";2022-06-15;32;21542
"2";2022-06-16;26;21542
"2";2022-06-17;27;21542
"2";2022-06-18;14;21542
"2";2022-06-19;10;21542
"2";2022-06-20;46;21542
"2";2022-06-21;53;21542
"2";2022-06-22;46;21542
"2";2022-06-23;32;21542
"2";2022-06-24;7;21542
"2";2022-06-25;24;21542
"2";2022-06-26;24;21542
"2";2022-06-27;55;21542
"2";2022-06-28;49;21542
"2";2022-06-29;45;21542
"2";2022-06-30;52;21542
"2";NA;121884;21542
"3";2020-12-27;7;20393
"3";2020-12-28;20;20393
"3";2020-12-29;12;20393
"3";2020-12-30;19;20393
"3";2020-12-31;11;20393
"3";2021-01-01;5;20393
"3";2021-01-02;7;20393
"3";2021-01-03;4;20393
"3";2021-01-04;19;20393
"3";2021-01-05;18;20393
"3";2021-01-06;7;20393
"3";2021-01-07;19;20393
"3";2021-01-08;23;20393
"3";2021-01-09;6;20393
"3";2021-01-10;11;20393
"3";2021-01-11;31;20393
"3";2021-01-12;20;20393
"3";2021-01-13;17;20393
"3";2021-01-14;19;20393
"3";2021-01-15;19;20393
"3";2021-01-16;5;20393
"3";2021-01-17;5;20393
"3";2021-01-18;20;20393
"3";2021-01-19;13;20393
"3";2021-01-20;21;20393
"3";2021-01-21;16;20393
"3";2021-01-22;12;20393
"3";2021-01-23;3;20393
"3";2021-01-24;4;20393
"3";2021-01-25;20;20393
"3";2021-01-26;13;20393
"3";2021-01-27;14;20393
"3";2021-01-28;16;20393
"3";2021-01-29;9;20393
"3";2021-01-30;6;20393
"3";2021-01-31;6;20393
"3";2021-02-01;9;20393
"3";2021-02-02;9;20393
"3";2021-02-03;9;20393
"3";2021-02-04;15;20393
"3";2021-02-05;14;20393
"3";2021-02-06;5;20393
"3";2021-02-08;12;20393
"3";2021-02-09;8;20393
"3";2021-02-10;4;20393
"3";2021-02-11;7;20393
"3";2021-02-12;4;20393
"3";2021-02-13;1;20393
"3";2021-02-14;4;20393
"3";2021-02-15;8;20393
"3";2021-02-16;4;20393
"3";2021-02-17;6;20393
"3";2021-02-18;8;20393
"3";2021-02-19;6;20393
"3";2021-02-20;4;20393
"3";2021-02-21;1;20393
"3";2021-02-22;7;20393
"3";2021-02-23;4;20393
"3";2021-02-24;3;20393
"3";2021-02-25;3;20393
"3";2021-02-26;5;20393
"3";2021-02-28;1;20393
"3";2021-03-01;7;20393
"3";2021-03-02;7;20393
"3";2021-03-03;4;20393
"3";2021-03-04;4;20393
"3";2021-03-05;2;20393
"3";2021-03-06;1;20393
"3";2021-03-07;4;20393
"3";2021-03-08;6;20393
"3";2021-03-09;3;20393
"3";2021-03-10;4;20393
"3";2021-03-11;3;20393
"3";2021-03-12;4;20393
"3";2021-03-14;2;20393
"3";2021-03-15;8;20393
"3";2021-03-16;3;20393
"3";2021-03-17;1;20393
"3";2021-03-18;5;20393
"3";2021-03-19;8;20393
"3";2021-03-20;2;20393
"3";2021-03-21;3;20393
"3";2021-03-22;5;20393
"3";2021-03-23;6;20393
"3";2021-03-24;6;20393
"3";2021-03-25;5;20393
"3";2021-03-26;9;20393
"3";2021-03-27;6;20393
"3";2021-03-28;4;20393
"3";2021-03-29;8;20393
"3";2021-03-30;11;20393
"3";2021-03-31;5;20393
"3";2021-04-01;8;20393
"3";2021-04-02;5;20393
"3";2021-04-03;2;20393
"3";2021-04-04;3;20393
"3";2021-04-05;2;20393
"3";2021-04-06;9;20393
"3";2021-04-07;5;20393
"3";2021-04-08;3;20393
"3";2021-04-09;8;20393
"3";2021-04-10;1;20393
"3";2021-04-11;6;20393
"3";2021-04-12;13;20393
"3";2021-04-13;3;20393
"3";2021-04-14;7;20393
"3";2021-04-15;8;20393
"3";2021-04-16;5;20393
"3";2021-04-17;6;20393
"3";2021-04-18;1;20393
"3";2021-04-19;7;20393
"3";2021-04-20;3;20393
"3";2021-04-21;4;20393
"3";2021-04-22;11;20393
"3";2021-04-23;4;20393
"3";2021-04-24;4;20393
"3";2021-04-25;1;20393
"3";2021-04-26;12;20393
"3";2021-04-27;9;20393
"3";2021-04-28;8;20393
"3";2021-04-29;5;20393
"3";2021-04-30;4;20393
"3";2021-05-01;3;20393
"3";2021-05-02;2;20393
"3";2021-05-03;5;20393
"3";2021-05-04;3;20393
"3";2021-05-05;6;20393
"3";2021-05-06;5;20393
"3";2021-05-07;5;20393
"3";2021-05-08;2;20393
"3";2021-05-10;5;20393
"3";2021-05-11;7;20393
"3";2021-05-12;5;20393
"3";2021-05-13;6;20393
"3";2021-05-14;5;20393
"3";2021-05-15;1;20393
"3";2021-05-17;6;20393
"3";2021-05-18;5;20393
"3";2021-05-19;3;20393
"3";2021-05-20;3;20393
"3";2021-05-21;3;20393
"3";2021-05-24;1;20393
"3";2021-05-25;1;20393
"3";2021-05-26;3;20393
"3";2021-05-27;1;20393
"3";2021-05-28;1;20393
"3";2021-05-31;2;20393
"3";2021-06-01;10;20393
"3";2021-06-02;5;20393
"3";2021-06-03;2;20393
"3";2021-06-04;5;20393
"3";2021-06-07;10;20393
"3";2021-06-08;5;20393
"3";2021-06-09;5;20393
"3";2021-06-10;7;20393
"3";2021-06-11;6;20393
"3";2021-06-14;2;20393
"3";2021-06-15;3;20393
"3";2021-06-16;6;20393
"3";2021-06-17;3;20393
"3";2021-06-18;2;20393
"3";2021-06-21;4;20393
"3";2021-06-22;8;20393
"3";2021-06-23;7;20393
"3";2021-06-25;7;20393
"3";2021-06-26;2;20393
"3";2021-06-28;2;20393
"3";2021-06-29;7;20393
"3";2021-06-30;8;20393
"3";2021-07-01;12;20393
"3";2021-07-02;14;20393
"3";2021-07-03;2;20393
"3";2021-07-04;3;20393
"3";2021-07-05;15;20393
"3";2021-07-06;27;20393
"3";2021-07-07;9;20393
"3";2021-07-08;13;20393
"3";2021-07-09;16;20393
"3";2021-07-10;4;20393
"3";2021-07-11;6;20393
"3";2021-07-12;30;20393
"3";2021-07-13;16;20393
"3";2021-07-14;19;20393
"3";2021-07-15;11;20393
"3";2021-07-16;13;20393
"3";2021-07-17;14;20393
"3";2021-07-18;8;20393
"3";2021-07-19;28;20393
"3";2021-07-20;19;20393
"3";2021-07-21;17;20393
"3";2021-07-22;8;20393
"3";2021-07-23;16;20393
"3";2021-07-24;2;20393
"3";2021-07-25;8;20393
"3";2021-07-26;16;20393
"3";2021-07-27;12;20393
"3";2021-07-28;10;20393
"3";2021-07-29;12;20393
"3";2021-07-30;8;20393
"3";2021-07-31;4;20393
"3";2021-08-01;5;20393
"3";2021-08-02;15;20393
"3";2021-08-03;15;20393
"3";2021-08-04;10;20393
"3";2021-08-05;12;20393
"3";2021-08-06;11;20393
"3";2021-08-07;3;20393
"3";2021-08-08;4;20393
"3";2021-08-09;11;20393
"3";2021-08-10;9;20393
"3";2021-08-11;5;20393
"3";2021-08-12;8;20393
"3";2021-08-13;9;20393
"3";2021-08-14;4;20393
"3";2021-08-15;3;20393
"3";2021-08-16;13;20393
"3";2021-08-17;10;20393
"3";2021-08-18;5;20393
"3";2021-08-19;7;20393
"3";2021-08-20;5;20393
"3";2021-08-21;1;20393
"3";2021-08-22;2;20393
"3";2021-08-23;6;20393
"3";2021-08-24;8;20393
"3";2021-08-25;6;20393
"3";2021-08-26;7;20393
"3";2021-08-27;4;20393
"3";2021-08-29;3;20393
"3";2021-08-30;1;20393
"3";2021-08-31;3;20393
"3";2021-09-01;4;20393
"3";2021-09-02;6;20393
"3";2021-09-03;5;20393
"3";2021-09-05;1;20393
"3";2021-09-06;8;20393
"3";2021-09-07;2;20393
"3";2021-09-08;7;20393
"3";2021-09-09;5;20393
"3";2021-09-10;8;20393
"3";2021-09-11;2;20393
"3";2021-09-12;2;20393
"3";2021-09-13;7;20393
"3";2021-09-14;2;20393
"3";2021-09-15;8;20393
"3";2021-09-16;5;20393
"3";2021-09-17;3;20393
"3";2021-09-18;1;20393
"3";2021-09-20;9;20393
"3";2021-09-21;1;20393
"3";2021-09-22;3;20393
"3";2021-09-23;2;20393
"3";2021-09-24;2;20393
"3";2021-09-27;3;20393
"3";2021-09-28;4;20393
"3";2021-09-29;1;20393
"3";2021-09-30;4;20393
"3";2021-10-01;5;20393
"3";2021-10-02;2;20393
"3";2021-10-03;1;20393
"3";2021-10-04;6;20393
"3";2021-10-05;4;20393
"3";2021-10-06;8;20393
"3";2021-10-07;8;20393
"3";2021-10-08;6;20393
"3";2021-10-09;1;20393
"3";2021-10-11;6;20393
"3";2021-10-12;2;20393
"3";2021-10-13;5;20393
"3";2021-10-14;7;20393
"3";2021-10-15;4;20393
"3";2021-10-16;1;20393
"3";2021-10-17;1;20393
"3";2021-10-18;1;20393
"3";2021-10-19;4;20393
"3";2021-10-20;7;20393
"3";2021-10-21;3;20393
"3";2021-10-22;4;20393
"3";2021-10-23;2;20393
"3";2021-10-25;4;20393
"3";2021-10-26;4;20393
"3";2021-10-27;4;20393
"3";2021-10-28;5;20393
"3";2021-10-29;3;20393
"3";2021-10-31;1;20393
"3";2021-11-02;9;20393
"3";2021-11-03;8;20393
"3";2021-11-04;10;20393
"3";2021-11-05;5;20393
"3";2021-11-06;1;20393
"3";2021-11-08;4;20393
"3";2021-11-09;8;20393
"3";2021-11-10;7;20393
"3";2021-11-11;6;20393
"3";2021-11-12;2;20393
"3";2021-11-13;4;20393
"3";2021-11-14;1;20393
"3";2021-11-15;5;20393
"3";2021-11-16;5;20393
"3";2021-11-17;6;20393
"3";2021-11-18;6;20393
"3";2021-11-19;7;20393
"3";2021-11-20;3;20393
"3";2021-11-21;2;20393
"3";2021-11-22;8;20393
"3";2021-11-23;5;20393
"3";2021-11-24;5;20393
"3";2021-11-25;7;20393
"3";2021-11-26;5;20393
"3";2021-11-27;5;20393
"3";2021-11-28;6;20393
"3";2021-11-29;11;20393
"3";2021-11-30;7;20393
"3";2021-12-01;10;20393
"3";2021-12-02;8;20393
"3";2021-12-03;12;20393
"3";2021-12-04;8;20393
"3";2021-12-05;7;20393
"3";2021-12-06;9;20393
"3";2021-12-07;16;20393
"3";2021-12-08;11;20393
"3";2021-12-09;22;20393
"3";2021-12-10;17;20393
"3";2021-12-11;7;20393
"3";2021-12-12;6;20393
"3";2021-12-13;22;20393
"3";2021-12-14;22;20393
"3";2021-12-15;26;20393
"3";2021-12-16;22;20393
"3";2021-12-17;19;20393
"3";2021-12-18;5;20393
"3";2021-12-19;5;20393
"3";2021-12-20;27;20393
"3";2021-12-21;34;20393
"3";2021-12-22;36;20393
"3";2021-12-23;24;20393
"3";2021-12-24;34;20393
"3";2021-12-25;15;20393
"3";2021-12-26;19;20393
"3";2021-12-27;82;20393
"3";2021-12-28;70;20393
"3";2021-12-29;73;20393
"3";2021-12-30;65;20393
"3";2021-12-31;67;20393
"3";2022-01-01;30;20393
"3";2022-01-02;28;20393
"3";2022-01-03;77;20393
"3";2022-01-04;74;20393
"3";2022-01-05;64;20393
"3";2022-01-06;34;20393
"3";2022-01-07;58;20393
"3";2022-01-08;33;20393
"3";2022-01-09;52;20393
"3";2022-01-10;104;20393
"3";2022-01-11;76;20393
"3";2022-01-12;90;20393
"3";2022-01-13;76;20393
"3";2022-01-14;64;20393
"3";2022-01-15;46;20393
"3";2022-01-16;25;20393
"3";2022-01-17;70;20393
"3";2022-01-18;91;20393
"3";2022-01-19;77;20393
"3";2022-01-20;71;20393
"3";2022-01-21;56;20393
"3";2022-01-22;32;20393
"3";2022-01-23;41;20393
"3";2022-01-24;64;20393
"3";2022-01-25;51;20393
"3";2022-01-26;60;20393
"3";2022-01-27;39;20393
"3";2022-01-28;47;20393
"3";2022-01-29;21;20393
"3";2022-01-30;20;20393
"3";2022-01-31;61;20393
"3";2022-02-01;41;20393
"3";2022-02-02;43;20393
"3";2022-02-03;26;20393
"3";2022-02-04;22;20393
"3";2022-02-05;13;20393
"3";2022-02-06;11;20393
"3";2022-02-07;32;20393
"3";2022-02-08;24;20393
"3";2022-02-09;23;20393
"3";2022-02-10;11;20393
"3";2022-02-11;18;20393
"3";2022-02-12;6;20393
"3";2022-02-13;11;20393
"3";2022-02-14;23;20393
"3";2022-02-15;13;20393
"3";2022-02-16;13;20393
"3";2022-02-17;13;20393
"3";2022-02-18;13;20393
"3";2022-02-19;6;20393
"3";2022-02-20;3;20393
"3";2022-02-21;12;20393
"3";2022-02-22;14;20393
"3";2022-02-23;6;20393
"3";2022-02-24;11;20393
"3";2022-02-25;11;20393
"3";2022-02-26;6;20393
"3";2022-02-27;8;20393
"3";2022-02-28;19;20393
"3";2022-03-01;11;20393
"3";2022-03-02;10;20393
"3";2022-03-03;15;20393
"3";2022-03-04;7;20393
"3";2022-03-05;5;20393
"3";2022-03-06;4;20393
"3";2022-03-07;13;20393
"3";2022-03-08;8;20393
"3";2022-03-09;14;20393
"3";2022-03-10;15;20393
"3";2022-03-11;12;20393
"3";2022-03-12;3;20393
"3";2022-03-13;8;20393
"3";2022-03-14;13;20393
"3";2022-03-15;9;20393
"3";2022-03-16;12;20393
"3";2022-03-17;9;20393
"3";2022-03-18;11;20393
"3";2022-03-19;2;20393
"3";2022-03-20;5;20393
"3";2022-03-21;6;20393
"3";2022-03-22;5;20393
"3";2022-03-23;12;20393
"3";2022-03-24;11;20393
"3";2022-03-25;4;20393
"3";2022-03-26;2;20393
"3";2022-03-27;4;20393
"3";2022-03-28;9;20393
"3";2022-03-29;9;20393
"3";2022-03-30;8;20393
"3";2022-03-31;7;20393
"3";2022-04-01;12;20393
"3";2022-04-02;1;20393
"3";2022-04-03;6;20393
"3";2022-04-04;16;20393
"3";2022-04-05;14;20393
"3";2022-04-06;9;20393
"3";2022-04-07;12;20393
"3";2022-04-08;24;20393
"3";2022-04-09;4;20393
"3";2022-04-10;5;20393
"3";2022-04-11;12;20393
"3";2022-04-12;12;20393
"3";2022-04-13;9;20393
"3";2022-04-14;9;20393
"3";2022-04-15;3;20393
"3";2022-04-16;2;20393
"3";2022-04-17;4;20393
"3";2022-04-18;4;20393
"3";2022-04-19;12;20393
"3";2022-04-20;16;20393
"3";2022-04-21;15;20393
"3";2022-04-22;12;20393
"3";2022-04-23;3;20393
"3";2022-04-24;3;20393
"3";2022-04-25;17;20393
"3";2022-04-26;22;20393
"3";2022-04-27;16;20393
"3";2022-04-28;17;20393
"3";2022-04-29;16;20393
"3";2022-04-30;9;20393
"3";2022-05-01;7;20393
"3";2022-05-02;25;20393
"3";2022-05-03;21;20393
"3";2022-05-04;25;20393
"3";2022-05-05;22;20393
"3";2022-05-06;24;20393
"3";2022-05-07;4;20393
"3";2022-05-08;10;20393
"3";2022-05-09;30;20393
"3";2022-05-10;19;20393
"3";2022-05-11;24;20393
"3";2022-05-12;19;20393
"3";2022-05-13;20;20393
"3";2022-05-14;10;20393
"3";2022-05-15;4;20393
"3";2022-05-16;34;20393
"3";2022-05-17;30;20393
"3";2022-05-18;29;20393
"3";2022-05-19;30;20393
"3";2022-05-20;13;20393
"3";2022-05-21;11;20393
"3";2022-05-22;7;20393
"3";2022-05-23;26;20393
"3";2022-05-24;17;20393
"3";2022-05-25;17;20393
"3";2022-05-26;25;20393
"3";2022-05-27;22;20393
"3";2022-05-28;9;20393
"3";2022-05-29;2;20393
"3";2022-05-30;19;20393
"3";2022-05-31;11;20393
"3";2022-06-01;34;20393
"3";2022-06-02;20;20393
"3";2022-06-03;13;20393
"3";2022-06-04;12;20393
"3";2022-06-05;6;20393
"3";2022-06-06;10;20393
"3";2022-06-07;28;20393
"3";2022-06-08;27;20393
"3";2022-06-09;31;20393
"3";2022-06-10;31;20393
"3";2022-06-11;7;20393
"3";2022-06-12;8;20393
"3";2022-06-13;27;20393
"3";2022-06-14;19;20393
"3";2022-06-15;25;20393
"3";2022-06-16;20;20393
"3";2022-06-17;22;20393
"3";2022-06-18;9;20393
"3";2022-06-19;10;20393
"3";2022-06-20;47;20393
"3";2022-06-21;26;20393
"3";2022-06-22;38;20393
"3";2022-06-23;29;20393
"3";2022-06-24;22;20393
"3";2022-06-25;15;20393
"3";2022-06-26;23;20393
"3";2022-06-27;52;20393
"3";2022-06-28;40;20393
"3";2022-06-29;35;20393
"3";2022-06-30;36;20393
"3";NA;115382;20393
"4";2020-12-27;2;19406
"4";2020-12-28;14;19406
"4";2020-12-29;15;19406
"4";2020-12-30;16;19406
"4";2020-12-31;13;19406
"4";2021-01-01;5;19406
"4";2021-01-02;3;19406
"4";2021-01-03;6;19406
"4";2021-01-04;18;19406
"4";2021-01-05;21;19406
"4";2021-01-06;4;19406
"4";2021-01-07;12;19406
"4";2021-01-08;27;19406
"4";2021-01-10;2;19406
"4";2021-01-11;21;19406
"4";2021-01-12;14;19406
"4";2021-01-13;18;19406
"4";2021-01-14;21;19406
"4";2021-01-15;20;19406
"4";2021-01-16;8;19406
"4";2021-01-17;5;19406
"4";2021-01-18;23;19406
"4";2021-01-19;25;19406
"4";2021-01-20;12;19406
"4";2021-01-21;23;19406
"4";2021-01-22;15;19406
"4";2021-01-23;4;19406
"4";2021-01-24;6;19406
"4";2021-01-25;20;19406
"4";2021-01-26;17;19406
"4";2021-01-27;15;19406
"4";2021-01-28;12;19406
"4";2021-01-29;3;19406
"4";2021-01-30;6;19406
"4";2021-01-31;2;19406
"4";2021-02-01;17;19406
"4";2021-02-02;8;19406
"4";2021-02-03;12;19406
"4";2021-02-04;5;19406
"4";2021-02-05;7;19406
"4";2021-02-06;3;19406
"4";2021-02-07;1;19406
"4";2021-02-08;14;19406
"4";2021-02-09;5;19406
"4";2021-02-10;8;19406
"4";2021-02-11;7;19406
"4";2021-02-12;6;19406
"4";2021-02-13;1;19406
"4";2021-02-14;1;19406
"4";2021-02-15;17;19406
"4";2021-02-16;6;19406
"4";2021-02-17;4;19406
"4";2021-02-18;8;19406
"4";2021-02-19;5;19406
"4";2021-02-20;1;19406
"4";2021-02-21;3;19406
"4";2021-02-22;5;19406
"4";2021-02-23;6;19406
"4";2021-02-24;2;19406
"4";2021-02-25;5;19406
"4";2021-02-26;3;19406
"4";2021-02-27;1;19406
"4";2021-03-01;10;19406
"4";2021-03-02;3;19406
"4";2021-03-03;4;19406
"4";2021-03-04;4;19406
"4";2021-03-05;1;19406
"4";2021-03-07;1;19406
"4";2021-03-08;5;19406
"4";2021-03-09;4;19406
"4";2021-03-10;3;19406
"4";2021-03-11;5;19406
"4";2021-03-12;3;19406
"4";2021-03-13;1;19406
"4";2021-03-15;8;19406
"4";2021-03-16;4;19406
"4";2021-03-17;4;19406
"4";2021-03-18;6;19406
"4";2021-03-19;5;19406
"4";2021-03-20;2;19406
"4";2021-03-21;2;19406
"4";2021-03-22;7;19406
"4";2021-03-23;7;19406
"4";2021-03-24;4;19406
"4";2021-03-25;8;19406
"4";2021-03-26;9;19406
"4";2021-03-27;4;19406
"4";2021-03-28;2;19406
"4";2021-03-29;7;19406
"4";2021-03-30;8;19406
"4";2021-03-31;1;19406
"4";2021-04-01;10;19406
"4";2021-04-02;2;19406
"4";2021-04-03;3;19406
"4";2021-04-04;1;19406
"4";2021-04-05;5;19406
"4";2021-04-06;9;19406
"4";2021-04-07;9;19406
"4";2021-04-08;13;19406
"4";2021-04-09;11;19406
"4";2021-04-10;2;19406
"4";2021-04-11;3;19406
"4";2021-04-12;4;19406
"4";2021-04-13;7;19406
"4";2021-04-14;10;19406
"4";2021-04-15;9;19406
"4";2021-04-16;6;19406
"4";2021-04-17;2;19406
"4";2021-04-18;2;19406
"4";2021-04-19;6;19406
"4";2021-04-20;5;19406
"4";2021-04-21;5;19406
"4";2021-04-22;11;19406
"4";2021-04-23;2;19406
"4";2021-04-24;4;19406
"4";2021-04-25;2;19406
"4";2021-04-26;5;19406
"4";2021-04-27;10;19406
"4";2021-04-28;6;19406
"4";2021-04-29;6;19406
"4";2021-04-30;7;19406
"4";2021-05-01;1;19406
"4";2021-05-02;2;19406
"4";2021-05-03;6;19406
"4";2021-05-04;5;19406
"4";2021-05-05;8;19406
"4";2021-05-06;5;19406
"4";2021-05-07;3;19406
"4";2021-05-08;3;19406
"4";2021-05-09;6;19406
"4";2021-05-10;11;19406
"4";2021-05-11;3;19406
"4";2021-05-12;6;19406
"4";2021-05-13;9;19406
"4";2021-05-14;7;19406
"4";2021-05-17;3;19406
"4";2021-05-18;5;19406
"4";2021-05-19;3;19406
"4";2021-05-20;7;19406
"4";2021-05-21;3;19406
"4";2021-05-25;3;19406
"4";2021-05-26;3;19406
"4";2021-05-27;2;19406
"4";2021-05-28;3;19406
"4";2021-05-29;2;19406
"4";2021-05-31;2;19406
"4";2021-06-01;7;19406
"4";2021-06-02;7;19406
"4";2021-06-03;3;19406
"4";2021-06-04;10;19406
"4";2021-06-05;1;19406
"4";2021-06-07;11;19406
"4";2021-06-08;5;19406
"4";2021-06-09;4;19406
"4";2021-06-10;4;19406
"4";2021-06-11;2;19406
"4";2021-06-12;1;19406
"4";2021-06-14;3;19406
"4";2021-06-15;4;19406
"4";2021-06-17;1;19406
"4";2021-06-18;4;19406
"4";2021-06-20;2;19406
"4";2021-06-21;1;19406
"4";2021-06-22;4;19406
"4";2021-06-23;3;19406
"4";2021-06-24;1;19406
"4";2021-06-25;3;19406
"4";2021-06-27;1;19406
"4";2021-06-28;5;19406
"4";2021-06-29;6;19406
"4";2021-06-30;7;19406
"4";2021-07-01;11;19406
"4";2021-07-02;10;19406
"4";2021-07-03;8;19406
"4";2021-07-04;3;19406
"4";2021-07-05;17;19406
"4";2021-07-06;21;19406
"4";2021-07-07;20;19406
"4";2021-07-08;20;19406
"4";2021-07-09;15;19406
"4";2021-07-10;6;19406
"4";2021-07-11;12;19406
"4";2021-07-12;15;19406
"4";2021-07-13;18;19406
"4";2021-07-14;22;19406
"4";2021-07-15;16;19406
"4";2021-07-16;12;19406
"4";2021-07-17;9;19406
"4";2021-07-18;5;19406
"4";2021-07-19;23;19406
"4";2021-07-20;24;19406
"4";2021-07-21;20;19406
"4";2021-07-22;17;19406
"4";2021-07-23;16;19406
"4";2021-07-24;5;19406
"4";2021-07-25;4;19406
"4";2021-07-26;19;19406
"4";2021-07-27;7;19406
"4";2021-07-28;9;19406
"4";2021-07-29;12;19406
"4";2021-07-30;8;19406
"4";2021-07-31;6;19406
"4";2021-08-02;16;19406
"4";2021-08-03;7;19406
"4";2021-08-04;4;19406
"4";2021-08-05;9;19406
"4";2021-08-06;11;19406
"4";2021-08-07;7;19406
"4";2021-08-08;1;19406
"4";2021-08-09;5;19406
"4";2021-08-10;12;19406
"4";2021-08-11;3;19406
"4";2021-08-12;7;19406
"4";2021-08-13;2;19406
"4";2021-08-14;2;19406
"4";2021-08-15;4;19406
"4";2021-08-16;4;19406
"4";2021-08-17;9;19406
"4";2021-08-18;6;19406
"4";2021-08-19;7;19406
"4";2021-08-20;6;19406
"4";2021-08-22;2;19406
"4";2021-08-23;8;19406
"4";2021-08-24;5;19406
"4";2021-08-25;5;19406
"4";2021-08-26;4;19406
"4";2021-08-27;3;19406
"4";2021-08-28;1;19406
"4";2021-08-29;1;19406
"4";2021-08-30;3;19406
"4";2021-08-31;3;19406
"4";2021-09-01;7;19406
"4";2021-09-02;3;19406
"4";2021-09-03;6;19406
"4";2021-09-06;4;19406
"4";2021-09-07;5;19406
"4";2021-09-08;5;19406
"4";2021-09-09;5;19406
"4";2021-09-10;3;19406
"4";2021-09-11;1;19406
"4";2021-09-13;2;19406
"4";2021-09-14;2;19406
"4";2021-09-15;3;19406
"4";2021-09-16;5;19406
"4";2021-09-17;4;19406
"4";2021-09-19;1;19406
"4";2021-09-20;7;19406
"4";2021-09-21;5;19406
"4";2021-09-22;2;19406
"4";2021-09-23;4;19406
"4";2021-09-25;1;19406
"4";2021-09-27;2;19406
"4";2021-09-28;3;19406
"4";2021-09-29;1;19406
"4";2021-09-30;4;19406
"4";2021-10-01;8;19406
"4";2021-10-03;1;19406
"4";2021-10-04;4;19406
"4";2021-10-05;12;19406
"4";2021-10-06;6;19406
"4";2021-10-07;4;19406
"4";2021-10-08;4;19406
"4";2021-10-11;3;19406
"4";2021-10-12;1;19406
"4";2021-10-13;6;19406
"4";2021-10-14;5;19406
"4";2021-10-15;2;19406
"4";2021-10-17;1;19406
"4";2021-10-18;3;19406
"4";2021-10-19;1;19406
"4";2021-10-20;3;19406
"4";2021-10-21;4;19406
"4";2021-10-22;1;19406
"4";2021-10-25;1;19406
"4";2021-10-26;1;19406
"4";2021-10-27;3;19406
"4";2021-10-28;4;19406
"4";2021-10-29;1;19406
"4";2021-10-30;2;19406
"4";2021-11-01;1;19406
"4";2021-11-02;5;19406
"4";2021-11-03;7;19406
"4";2021-11-04;7;19406
"4";2021-11-05;8;19406
"4";2021-11-08;9;19406
"4";2021-11-09;7;19406
"4";2021-11-10;8;19406
"4";2021-11-11;2;19406
"4";2021-11-12;5;19406
"4";2021-11-13;1;19406
"4";2021-11-14;1;19406
"4";2021-11-15;5;19406
"4";2021-11-16;7;19406
"4";2021-11-17;11;19406
"4";2021-11-18;6;19406
"4";2021-11-19;4;19406
"4";2021-11-20;4;19406
"4";2021-11-21;1;19406
"4";2021-11-22;7;19406
"4";2021-11-23;7;19406
"4";2021-11-24;6;19406
"4";2021-11-25;8;19406
"4";2021-11-26;3;19406
"4";2021-11-27;3;19406
"4";2021-11-28;1;19406
"4";2021-11-29;10;19406
"4";2021-11-30;8;19406
"4";2021-12-01;8;19406
"4";2021-12-02;14;19406
"4";2021-12-03;13;19406
"4";2021-12-04;7;19406
"4";2021-12-05;4;19406
"4";2021-12-06;6;19406
"4";2021-12-07;10;19406
"4";2021-12-08;7;19406
"4";2021-12-09;19;19406
"4";2021-12-10;21;19406
"4";2021-12-11;3;19406
"4";2021-12-12;2;19406
"4";2021-12-13;17;19406
"4";2021-12-14;28;19406
"4";2021-12-15;18;19406
"4";2021-12-16;16;19406
"4";2021-12-17;17;19406
"4";2021-12-18;12;19406
"4";2021-12-19;11;19406
"4";2021-12-20;31;19406
"4";2021-12-21;22;19406
"4";2021-12-22;30;19406
"4";2021-12-23;26;19406
"4";2021-12-24;40;19406
"4";2021-12-25;22;19406
"4";2021-12-26;19;19406
"4";2021-12-27;65;19406
"4";2021-12-28;74;19406
"4";2021-12-29;57;19406
"4";2021-12-30;56;19406
"4";2021-12-31;51;19406
"4";2022-01-01;22;19406
"4";2022-01-02;29;19406
"4";2022-01-03;62;19406
"4";2022-01-04;72;19406
"4";2022-01-05;61;19406
"4";2022-01-06;40;19406
"4";2022-01-07;56;19406
"4";2022-01-08;36;19406
"4";2022-01-09;42;19406
"4";2022-01-10;96;19406
"4";2022-01-11;78;19406
"4";2022-01-12;76;19406
"4";2022-01-13;40;19406
"4";2022-01-14;69;19406
"4";2022-01-15;39;19406
"4";2022-01-16;31;19406
"4";2022-01-17;92;19406
"4";2022-01-18;73;19406
"4";2022-01-19;70;19406
"4";2022-01-20;50;19406
"4";2022-01-21;59;19406
"4";2022-01-22;28;19406
"4";2022-01-23;36;19406
"4";2022-01-24;56;19406
"4";2022-01-25;57;19406
"4";2022-01-26;46;19406
"4";2022-01-27;29;19406
"4";2022-01-28;37;19406
"4";2022-01-29;23;19406
"4";2022-01-30;13;19406
"4";2022-01-31;51;19406
"4";2022-02-01;37;19406
"4";2022-02-02;30;19406
"4";2022-02-03;33;19406
"4";2022-02-04;26;19406
"4";2022-02-05;13;19406
"4";2022-02-06;14;19406
"4";2022-02-07;26;19406
"4";2022-02-08;31;19406
"4";2022-02-09;33;19406
"4";2022-02-10;17;19406
"4";2022-02-11;22;19406
"4";2022-02-12;7;19406
"4";2022-02-13;9;19406
"4";2022-02-14;10;19406
"4";2022-02-15;20;19406
"4";2022-02-16;8;19406
"4";2022-02-17;9;19406
"4";2022-02-18;17;19406
"4";2022-02-19;5;19406
"4";2022-02-20;7;19406
"4";2022-02-21;21;19406
"4";2022-02-22;10;19406
"4";2022-02-23;13;19406
"4";2022-02-24;3;19406
"4";2022-02-25;10;19406
"4";2022-02-26;6;19406
"4";2022-02-27;5;19406
"4";2022-02-28;7;19406
"4";2022-03-01;16;19406
"4";2022-03-02;13;19406
"4";2022-03-03;14;19406
"4";2022-03-04;14;19406
"4";2022-03-05;2;19406
"4";2022-03-06;5;19406
"4";2022-03-07;19;19406
"4";2022-03-08;14;19406
"4";2022-03-09;12;19406
"4";2022-03-10;13;19406
"4";2022-03-11;14;19406
"4";2022-03-12;8;19406
"4";2022-03-13;6;19406
"4";2022-03-14;17;19406
"4";2022-03-15;11;19406
"4";2022-03-16;8;19406
"4";2022-03-17;14;19406
"4";2022-03-18;9;19406
"4";2022-03-19;2;19406
"4";2022-03-20;6;19406
"4";2022-03-21;9;19406
"4";2022-03-22;10;19406
"4";2022-03-23;10;19406
"4";2022-03-24;11;19406
"4";2022-03-25;7;19406
"4";2022-03-26;3;19406
"4";2022-03-27;1;19406
"4";2022-03-28;4;19406
"4";2022-03-29;2;19406
"4";2022-03-30;10;19406
"4";2022-03-31;11;19406
"4";2022-04-01;9;19406
"4";2022-04-02;2;19406
"4";2022-04-03;3;19406
"4";2022-04-04;13;19406
"4";2022-04-05;18;19406
"4";2022-04-06;11;19406
"4";2022-04-07;9;19406
"4";2022-04-08;6;19406
"4";2022-04-09;5;19406
"4";2022-04-10;2;19406
"4";2022-04-11;11;19406
"4";2022-04-12;14;19406
"4";2022-04-13;11;19406
"4";2022-04-14;12;19406
"4";2022-04-15;3;19406
"4";2022-04-16;6;19406
"4";2022-04-17;6;19406
"4";2022-04-18;3;19406
"4";2022-04-19;21;19406
"4";2022-04-20;15;19406
"4";2022-04-21;21;19406
"4";2022-04-22;11;19406
"4";2022-04-23;7;19406
"4";2022-04-24;6;19406
"4";2022-04-25;9;19406
"4";2022-04-26;18;19406
"4";2022-04-27;10;19406
"4";2022-04-28;14;19406
"4";2022-04-29;12;19406
"4";2022-04-30;3;19406
"4";2022-05-01;5;19406
"4";2022-05-02;25;19406
"4";2022-05-03;26;19406
"4";2022-05-04;19;19406
"4";2022-05-05;23;19406
"4";2022-05-06;31;19406
"4";2022-05-07;10;19406
"4";2022-05-08;5;19406
"4";2022-05-09;21;19406
"4";2022-05-10;25;19406
"4";2022-05-11;21;19406
"4";2022-05-12;24;19406
"4";2022-05-13;24;19406
"4";2022-05-14;6;19406
"4";2022-05-15;9;19406
"4";2022-05-16;23;19406
"4";2022-05-17;27;19406
"4";2022-05-18;23;19406
"4";2022-05-19;13;19406
"4";2022-05-20;22;19406
"4";2022-05-21;6;19406
"4";2022-05-22;7;19406
"4";2022-05-23;25;19406
"4";2022-05-24;23;19406
"4";2022-05-25;17;19406
"4";2022-05-26;23;19406
"4";2022-05-27;16;19406
"4";2022-05-28;6;19406
"4";2022-05-29;4;19406
"4";2022-05-30;22;19406
"4";2022-05-31;14;19406
"4";2022-06-01;19;19406
"4";2022-06-02;25;19406
"4";2022-06-03;28;19406
"4";2022-06-04;7;19406
"4";2022-06-05;8;19406
"4";2022-06-06;4;19406
"4";2022-06-07;29;19406
"4";2022-06-08;23;19406
"4";2022-06-09;27;19406
"4";2022-06-10;12;19406
"4";2022-06-11;6;19406
"4";2022-06-12;3;19406
"4";2022-06-13;20;19406
"4";2022-06-14;25;19406
"4";2022-06-15;16;19406
"4";2022-06-16;31;19406
"4";2022-06-17;24;19406
"4";2022-06-18;9;19406
"4";2022-06-19;13;19406
"4";2022-06-20;47;19406
"4";2022-06-21;36;19406
"4";2022-06-22;25;19406
"4";2022-06-23;39;19406
"4";2022-06-24;17;19406
"4";2022-06-25;17;19406
"4";2022-06-26;19;19406
"4";2022-06-27;49;19406
"4";2022-06-28;47;19406
"4";2022-06-29;44;19406
"4";2022-06-30;23;19406
"4";NA;109855;19406
