"vac_number";"vac_exposure_date";"n";"n_total";"cum_sum"
"Dose One";2020-12-27;4;164467;2.43209884049688e-05
"Dose One";2020-12-29;4;164467;4.86419768099376e-05
"Dose One";2020-12-30;12;164467;0.000121604942024844
"Dose One";2020-12-31;9;164467;0.000176327165936024
"Dose One";2021-01-02;9;164467;0.000231049389847203
"Dose One";2021-01-04;17;164467;0.000334413590568321
"Dose One";2021-01-05;94;164467;0.000905956818085087
"Dose One";2021-01-06;14;164467;0.000991080277502478
"Dose One";2021-01-07;102;164467;0.00161126548182918
"Dose One";2021-01-08;149;164467;0.00251722229991427
"Dose One";2021-01-09;59;164467;0.00287595687888756
"Dose One";2021-01-10;29;164467;0.00305228404482358
"Dose One";2021-01-11;91;164467;0.00360558653103662
"Dose One";2021-01-12;130;164467;0.00439601865419811
"Dose One";2021-01-13;134;164467;0.00521077176576456
"Dose One";2021-01-14;106;164467;0.00585527795849623
"Dose One";2021-01-15;145;164467;0.00673691378817635
"Dose One";2021-01-16;47;164467;0.00702268540193473
"Dose One";2021-01-17;14;164467;0.00710780886135213
"Dose One";2021-01-18;109;164467;0.00777055579538752
"Dose One";2021-01-19;31;164467;0.00795904345552603
"Dose One";2021-01-20;27;164467;0.00812321012725957
"Dose One";2021-01-21;28;164467;0.00829345704609435
"Dose One";2021-01-22;44;164467;0.00856098791854901
"Dose One";2021-01-23;16;164467;0.00865827187216888
"Dose One";2021-01-24;3;164467;0.00867651261347261
"Dose One";2021-01-25;21;164467;0.0088041978025987
"Dose One";2021-01-26;14;164467;0.00888932126201609
"Dose One";2021-01-27;8;164467;0.00893796323882603
"Dose One";2021-01-28;10;164467;0.00899876570983845
"Dose One";2021-01-29;11;164467;0.00906564842795211
"Dose One";2021-01-30;4;164467;0.00908996941635708
"Dose One";2021-01-31;6;164467;0.00912645089896453
"Dose One";2021-02-01;14;164467;0.00921157435838192
"Dose One";2021-02-02;5;164467;0.00924197559388814
"Dose One";2021-02-03;7;164467;0.00928453732359683
"Dose One";2021-02-04;8;164467;0.00933317930040677
"Dose One";2021-02-05;15;164467;0.0094243830069254
"Dose One";2021-02-06;2;164467;0.00943654350112789
"Dose One";2021-02-07;5;164467;0.0094669447366341
"Dose One";2021-02-08;29;164467;0.00964327190257012
"Dose One";2021-02-09;16;164467;0.00974055585619
"Dose One";2021-02-10;81;164467;0.0102330558713906
"Dose One";2021-02-11;103;164467;0.0108593213228186
"Dose One";2021-02-12;130;164467;0.01164975344598
"Dose One";2021-02-13;25;164467;0.0118017596235111
"Dose One";2021-02-14;6;164467;0.0118382411061186
"Dose One";2021-02-15;91;164467;0.0123915435923316
"Dose One";2021-02-16;78;164467;0.0128658028662285
"Dose One";2021-02-17;141;164467;0.0137231177075036
"Dose One";2021-02-18;295;164467;0.0155167906023701
"Dose One";2021-02-19;347;164467;0.0176266363465011
"Dose One";2021-02-20;25;164467;0.0177786425240322
"Dose One";2021-02-21;5;164467;0.0178090437595384
"Dose One";2021-02-22;167;164467;0.0188244450254458
"Dose One";2021-02-23;663;164467;0.0228556488535694
"Dose One";2021-02-24;1146;164467;0.029823612031593
"Dose One";2021-02-25;1176;164467;0.0369739826226538
"Dose One";2021-02-26;812;164467;0.0419111432688624
"Dose One";2021-02-27;45;164467;0.0421847543884183
"Dose One";2021-02-28;5;164467;0.0422151556239246
"Dose One";2021-03-01;93;164467;0.0427806186043401
"Dose One";2021-03-02;556;164467;0.0461612359926307
"Dose One";2021-03-03;950;164467;0.0519374707388108
"Dose One";2021-03-04;819;164467;0.0569171931147282
"Dose One";2021-03-05;559;164467;0.0603160512443226
"Dose One";2021-03-06;40;164467;0.0605592611283723
"Dose One";2021-03-07;11;164467;0.0606261438464859
"Dose One";2021-03-08;143;164467;0.0614956191819636
"Dose One";2021-03-09;348;164467;0.0636115451731958
"Dose One";2021-03-10;456;164467;0.0663841378513623
"Dose One";2021-03-11;307;164467;0.0682507737114436
"Dose One";2021-03-12;192;164467;0.0694181811548821
"Dose One";2021-03-13;18;164467;0.0695276256027045
"Dose One";2021-03-14;1;164467;0.0695337058498057
"Dose One";2021-03-15;81;164467;0.0700262058650064
"Dose One";2021-03-16;61;164467;0.0703971009381821
"Dose One";2021-03-17;159;164467;0.0713638602272796
"Dose One";2021-03-18;284;164467;0.0730906504040324
"Dose One";2021-03-19;330;164467;0.0750971319474423
"Dose One";2021-03-20;3;164467;0.0751153726887461
"Dose One";2021-03-22;452;164467;0.0778636443785075
"Dose One";2021-03-23;387;164467;0.0802167000066883
"Dose One";2021-03-24;1319;164467;0.0882365459332267
"Dose One";2021-03-25;1770;164467;0.0989985833024254
"Dose One";2021-03-26;1493;164467;0.10807639222458
"Dose One";2021-03-27;442;164467;0.110763861443329
"Dose One";2021-03-28;106;164467;0.111408367636061
"Dose One";2021-03-29;1173;164467;0.118540497485818
"Dose One";2021-03-30;2828;164467;0.135735436288131
"Dose One";2021-03-31;3141;164467;0.154833492433132
"Dose One";2021-04-01;1984;164467;0.166896702681997
"Dose One";2021-04-02;213;164467;0.168191795314562
"Dose One";2021-04-03;385;164467;0.17053269044854
"Dose One";2021-04-04;268;164467;0.172162196671673
"Dose One";2021-04-05;369;164467;0.174405807852031
"Dose One";2021-04-06;1850;164467;0.185654264989329
"Dose One";2021-04-07;3215;164467;0.205202259419823
"Dose One";2021-04-08;2983;164467;0.223339636522828
"Dose One";2021-04-09;2319;164467;0.237439729550609
"Dose One";2021-04-10;95;164467;0.238017353025227
"Dose One";2021-04-11;23;164467;0.238157198708556
"Dose One";2021-04-12;744;164467;0.24268090255188
"Dose One";2021-04-13;1941;164467;0.254482662175391
"Dose One";2021-04-14;2649;164467;0.270589236746581
"Dose One";2021-04-15;2707;164467;0.287048465649644
"Dose One";2021-04-16;1791;164467;0.297938188207969
"Dose One";2021-04-17;139;164467;0.298783342555041
"Dose One";2021-04-18;13;164467;0.298862385767358
"Dose One";2021-04-19;457;164467;0.301641058692625
"Dose One";2021-04-20;998;164467;0.307709145299665
"Dose One";2021-04-21;1071;164467;0.314221089945095
"Dose One";2021-04-22;1413;164467;0.322812479099151
"Dose One";2021-04-23;1230;164467;0.330291183033678
"Dose One";2021-04-24;77;164467;0.330759362060474
"Dose One";2021-04-25;33;164467;0.330960010214815
"Dose One";2021-04-26;825;164467;0.33597621407334
"Dose One";2021-04-27;1049;164467;0.342354393282543
"Dose One";2021-04-28;855;164467;0.347553004554105
"Dose One";2021-04-29;853;164467;0.352739455331465
"Dose One";2021-04-30;1807;164467;0.363726461843409
"Dose One";2021-05-01;683;164467;0.367879270613558
"Dose One";2021-05-02;339;164467;0.369940474380879
"Dose One";2021-05-03;1463;164467;0.378835875889996
"Dose One";2021-05-04;1190;164467;0.386071369940474
"Dose One";2021-05-05;1002;164467;0.392163777535919
"Dose One";2021-05-06;926;164467;0.397794086351669
"Dose One";2021-05-07;1713;164467;0.408209549636097
"Dose One";2021-05-08;569;164467;0.411669210236704
"Dose One";2021-05-09;390;164467;0.414040506606188
"Dose One";2021-05-10;898;164467;0.419500568503104
"Dose One";2021-05-11;997;164467;0.425562574863042
"Dose One";2021-05-12;1130;164467;0.432433254087446
"Dose One";2021-05-13;1102;164467;0.439133686393015
"Dose One";2021-05-14;1050;164467;0.445517945849319
"Dose One";2021-05-15;362;164467;0.447718995299969
"Dose One";2021-05-16;241;164467;0.449184334851368
"Dose One";2021-05-17;424;164467;0.451762359622295
"Dose One";2021-05-18;800;164467;0.456626557303289
"Dose One";2021-05-19;787;164467;0.461411711771966
"Dose One";2021-05-20;821;164467;0.466403594642086
"Dose One";2021-05-21;550;164467;0.469747730547769
"Dose One";2021-05-22;168;164467;0.470769212060778
"Dose One";2021-05-23;66;164467;0.47117050836946
"Dose One";2021-05-24;122;164467;0.471912298515812
"Dose One";2021-05-25;422;164467;0.474478162792536
"Dose One";2021-05-26;426;164467;0.477068348057665
"Dose One";2021-05-27;539;164467;0.480345601245235
"Dose One";2021-05-28;350;164467;0.482473687730669
"Dose One";2021-05-29;114;164467;0.483166835900211
"Dose One";2021-05-30;55;164467;0.483501249490779
"Dose One";2021-05-31;188;164467;0.484644335945813
"Dose One";2021-06-01;277;164467;0.486328564392857
"Dose One";2021-06-02;355;164467;0.488487052113798
"Dose One";2021-06-03;448;164467;0.491211002815154
"Dose One";2021-06-04;391;164467;0.49358837943174
"Dose One";2021-06-05;203;164467;0.494822669593292
"Dose One";2021-06-06;113;164467;0.495509737515733
"Dose One";2021-06-07;557;164467;0.498896435151125
"Dose One";2021-06-08;424;164467;0.501474459922051
"Dose One";2021-06-09;462;164467;0.504283534082825
"Dose One";2021-06-10;514;164467;0.507408781092864
"Dose One";2021-06-11;652;164467;0.511373102202874
"Dose One";2021-06-12;228;164467;0.512759398541957
"Dose One";2021-06-13;118;164467;0.513476867699903
"Dose One";2021-06-14;500;164467;0.516516991250524
"Dose One";2021-06-15;512;164467;0.51963007776636
"Dose One";2021-06-16;511;164467;0.522737084035095
"Dose One";2021-06-17;440;164467;0.525412392759642
"Dose One";2021-06-18;489;164467;0.528385633592149
"Dose One";2021-06-19;226;164467;0.52975976943703
"Dose One";2021-06-20;112;164467;0.530440757112369
"Dose One";2021-06-21;358;164467;0.532617485574614
"Dose One";2021-06-22;488;164467;0.53558464616002
"Dose One";2021-06-23;303;164467;0.537426961031696
"Dose One";2021-06-24;83;164467;0.537931621541099
"Dose One";2021-06-25;255;164467;0.539482084551916
"Dose One";2021-06-26;115;164467;0.540181312968559
"Dose One";2021-06-27;133;164467;0.540989985833024
"Dose One";2021-06-28;248;164467;0.542497887114132
"Dose One";2021-06-29;299;164467;0.544315880997404
"Dose One";2021-06-30;322;164467;0.546273720564004
"Dose One";2021-07-01;245;164467;0.547763381103808
"Dose One";2021-07-02;268;164467;0.549392887326941
"Dose One";2021-07-03;102;164467;0.550013072531268
"Dose One";2021-07-04;99;164467;0.550615016994291
"Dose One";2021-07-05;139;164467;0.551460171341363
"Dose One";2021-07-06;160;164467;0.552433010877562
"Dose One";2021-07-07;145;164467;0.553314646707242
"Dose One";2021-07-08;187;164467;0.554451652915175
"Dose One";2021-07-09;135;164467;0.555272486273842
"Dose One";2021-07-10;72;164467;0.555710264065132
"Dose One";2021-07-11;53;164467;0.556032517161497
"Dose One";2021-07-12;98;164467;0.556628381377419
"Dose One";2021-07-13;87;164467;0.557157362875227
"Dose One";2021-07-14;154;164467;0.558093720928819
"Dose One";2021-07-15;213;164467;0.559388813561383
"Dose One";2021-07-16;127;164467;0.560161004943241
"Dose One";2021-07-17;37;164467;0.560385974085987
"Dose One";2021-07-18;19;164467;0.56050149878091
"Dose One";2021-07-19;49;164467;0.560799430888871
"Dose One";2021-07-20;106;164467;0.561443937081603
"Dose One";2021-07-21;74;164467;0.561893875367095
"Dose One";2021-07-22;127;164467;0.562666066748953
"Dose One";2021-07-23;125;164467;0.563426097636608
"Dose One";2021-07-24;36;164467;0.563644986532253
"Dose One";2021-07-25;22;164467;0.56377875196848
"Dose One";2021-07-26;74;164467;0.564228690253972
"Dose One";2021-07-27;115;164467;0.564927918670615
"Dose One";2021-07-28;119;164467;0.565651468075663
"Dose One";2021-07-29;131;164467;0.566447980445925
"Dose One";2021-07-30;123;164467;0.567195850839378
"Dose One";2021-07-31;28;164467;0.567366097758213
"Dose One";2021-08-01;17;164467;0.567469461958934
"Dose One";2021-08-02;71;164467;0.567901159503122
"Dose One";2021-08-03;141;164467;0.568758474344397
"Dose One";2021-08-04;133;164467;0.569567147208863
"Dose One";2021-08-05;120;164467;0.570296776861012
"Dose One";2021-08-06;97;164467;0.570886560829832
"Dose One";2021-08-07;27;164467;0.571050727501566
"Dose One";2021-08-08;19;164467;0.571166252196489
"Dose One";2021-08-09;51;164467;0.571476344798653
"Dose One";2021-08-10;77;164467;0.571944523825448
"Dose One";2021-08-11;81;164467;0.572437023840649
"Dose One";2021-08-12;95;164467;0.573014647315267
"Dose One";2021-08-13;110;164467;0.573683474496404
"Dose One";2021-08-14;45;164467;0.573957085615959
"Dose One";2021-08-15;7;164467;0.573999647345668
"Dose One";2021-08-16;96;164467;0.574583351067387
"Dose One";2021-08-17;75;164467;0.575039369599981
"Dose One";2021-08-18;50;164467;0.575343381955043
"Dose One";2021-08-19;79;164467;0.575823721476041
"Dose One";2021-08-20;76;164467;0.576285820255735
"Dose One";2021-08-21;14;164467;0.576370943715153
"Dose One";2021-08-22;2;164467;0.576383104209355
"Dose One";2021-08-23;35;164467;0.576595912857899
"Dose One";2021-08-24;38;164467;0.576826962247746
"Dose One";2021-08-25;43;164467;0.577088412873099
"Dose One";2021-08-26;41;164467;0.57733770300425
"Dose One";2021-08-27;37;164467;0.577562672146996
"Dose One";2021-08-28;7;164467;0.577605233876705
"Dose One";2021-08-29;5;164467;0.577635635112211
"Dose One";2021-08-30;22;164467;0.577769400548438
"Dose One";2021-08-31;32;164467;0.577963968455678
"Dose One";2021-09-01;32;164467;0.578158536362918
"Dose One";2021-09-02;36;164467;0.578377425258563
"Dose One";2021-09-03;28;164467;0.578547672177397
"Dose One";2021-09-04;6;164467;0.578584153660005
"Dose One";2021-09-05;4;164467;0.57860847464841
"Dose One";2021-09-06;26;164467;0.578766561073042
"Dose One";2021-09-07;36;164467;0.578985449968687
"Dose One";2021-09-08;36;164467;0.579204338864331
"Dose One";2021-09-09;53;164467;0.579526591960697
"Dose One";2021-09-10;36;164467;0.579745480856342
"Dose One";2021-09-11;6;164467;0.579781962338949
"Dose One";2021-09-12;2;164467;0.579794122833152
"Dose One";2021-09-13;19;164467;0.579909647528076
"Dose One";2021-09-14;38;164467;0.580140696917923
"Dose One";2021-09-15;34;164467;0.580347425319365
"Dose One";2021-09-16;30;164467;0.580529832732402
"Dose One";2021-09-17;39;164467;0.580766962369351
"Dose One";2021-09-18;5;164467;0.580797363604857
"Dose One";2021-09-19;3;164467;0.580815604346161
"Dose One";2021-09-20;19;164467;0.580931129041084
"Dose One";2021-09-21;22;164467;0.581064894477312
"Dose One";2021-09-22;30;164467;0.581247301890349
"Dose One";2021-09-23;25;164467;0.58139930806788
"Dose One";2021-09-24;14;164467;0.581484431527297
"Dose One";2021-09-25;4;164467;0.581508752515702
"Dose One";2021-09-26;1;164467;0.581514832762803
"Dose One";2021-09-27;22;164467;0.581648598199031
"Dose One";2021-09-28;21;164467;0.581776283388157
"Dose One";2021-09-29;22;164467;0.581910048824384
"Dose One";2021-09-30;26;164467;0.582068135249017
"Dose One";2021-10-01;11;164467;0.58213501796713
"Dose One";2021-10-02;3;164467;0.582153258708434
"Dose One";2021-10-04;11;164467;0.582220141426548
"Dose One";2021-10-05;11;164467;0.582287024144661
"Dose One";2021-10-06;12;164467;0.582359987109876
"Dose One";2021-10-07;29;164467;0.582536314275812
"Dose One";2021-10-08;24;164467;0.582682240206242
"Dose One";2021-10-09;3;164467;0.582700480947546
"Dose One";2021-10-10;1;164467;0.582706561194647
"Dose One";2021-10-11;7;164467;0.582749122924356
"Dose One";2021-10-13;11;164467;0.582816005642469
"Dose One";2021-10-14;17;164467;0.58291936984319
"Dose One";2021-10-15;18;164467;0.583028814291013
"Dose One";2021-10-16;1;164467;0.583034894538114
"Dose One";2021-10-17;2;164467;0.583047055032316
"Dose One";2021-10-18;7;164467;0.583089616762025
"Dose One";2021-10-19;5;164467;0.583120017997531
"Dose One";2021-10-20;17;164467;0.583223382198253
"Dose One";2021-10-21;20;164467;0.583344987140277
"Dose One";2021-10-22;18;164467;0.5834544315881
"Dose One";2021-10-23;3;164467;0.583472672329403
"Dose One";2021-10-24;1;164467;0.583478752576505
"Dose One";2021-10-25;9;164467;0.583533474800416
"Dose One";2021-10-26;17;164467;0.583636839001137
"Dose One";2021-10-27;13;164467;0.583715882213453
"Dose One";2021-10-28;17;164467;0.583819246414174
"Dose One";2021-10-29;13;164467;0.58389828962649
"Dose One";2021-10-30;4;164467;0.583922610614895
"Dose One";2021-10-31;1;164467;0.583928690861997
"Dose One";2021-11-02;4;164467;0.583953011850402
"Dose One";2021-11-03;8;164467;0.584001653827212
"Dose One";2021-11-04;13;164467;0.584080697039528
"Dose One";2021-11-05;12;164467;0.584153660004743
"Dose One";2021-11-06;2;164467;0.584165820498945
"Dose One";2021-11-07;1;164467;0.584171900746046
"Dose One";2021-11-08;6;164467;0.584208382228654
"Dose One";2021-11-09;3;164467;0.584226622969958
"Dose One";2021-11-10;13;164467;0.584305666182274
"Dose One";2021-11-11;13;164467;0.58438470939459
"Dose One";2021-11-12;12;164467;0.584457672359805
"Dose One";2021-11-13;3;164467;0.584475913101108
"Dose One";2021-11-14;3;164467;0.584494153842412
"Dose One";2021-11-15;14;164467;0.58457927730183
"Dose One";2021-11-16;19;164467;0.584694801996753
"Dose One";2021-11-17;17;164467;0.584798166197474
"Dose One";2021-11-18;22;164467;0.584931931633702
"Dose One";2021-11-19;26;164467;0.585090018058334
"Dose One";2021-11-20;3;164467;0.585108258799638
"Dose One";2021-11-21;1;164467;0.585114339046739
"Dose One";2021-11-22;7;164467;0.585156900776448
"Dose One";2021-11-23;15;164467;0.585248104482966
"Dose One";2021-11-24;28;164467;0.585418351401801
"Dose One";2021-11-25;30;164467;0.585600758814838
"Dose One";2021-11-26;29;164467;0.585777085980774
"Dose One";2021-11-27;11;164467;0.585843968698888
"Dose One";2021-11-28;4;164467;0.585868289687293
"Dose One";2021-11-29;28;164467;0.586038536606128
"Dose One";2021-11-30;28;164467;0.586208783524962
"Dose One";2021-12-01;37;164467;0.586433752667708
"Dose One";2021-12-02;42;164467;0.586689123045961
"Dose One";2021-12-03;39;164467;0.586926252682909
"Dose One";2021-12-04;11;164467;0.586993135401023
"Dose One";2021-12-05;13;164467;0.587072178613339
"Dose One";2021-12-06;5;164467;0.587102579848845
"Dose One";2021-12-07;14;164467;0.587187703308262
"Dose One";2021-12-08;6;164467;0.58722418479087
"Dose One";2021-12-09;38;164467;0.587455234180717
"Dose One";2021-12-10;24;164467;0.587601160111147
"Dose One";2021-12-11;7;164467;0.587643721840856
"Dose One";2021-12-12;6;164467;0.587680203323463
"Dose One";2021-12-13;36;164467;0.587899092219108
"Dose One";2021-12-14;36;164467;0.588117981114753
"Dose One";2021-12-15;19;164467;0.588233505809676
"Dose One";2021-12-16;36;164467;0.588452394705321
"Dose One";2021-12-17;32;164467;0.588646962612561
"Dose One";2021-12-18;8;164467;0.588695604589371
"Dose One";2021-12-19;11;164467;0.588762487307484
"Dose One";2021-12-20;21;164467;0.58889017249661
"Dose One";2021-12-21;40;164467;0.58913338238066
"Dose One";2021-12-22;26;164467;0.589291468805292
"Dose One";2021-12-23;17;164467;0.589394833006013
"Dose One";2021-12-24;9;164467;0.589449555229925
"Dose One";2021-12-27;14;164467;0.589534678689342
"Dose One";2021-12-28;13;164467;0.589613721901658
"Dose One";2021-12-29;18;164467;0.58972316634948
"Dose One";2021-12-30;14;164467;0.589808289808898
"Dose One";2021-12-31;3;164467;0.589826530550202
"Dose One";2022-01-02;2;164467;0.589838691044404
"Dose One";2022-01-03;7;164467;0.589881252774113
"Dose One";2022-01-04;10;164467;0.589942055245125
"Dose One";2022-01-05;6;164467;0.589978536727733
"Dose One";2022-01-07;12;164467;0.590051499692948
"Dose One";2022-01-08;2;164467;0.59006366018715
"Dose One";2022-01-09;4;164467;0.590087981175555
"Dose One";2022-01-10;12;164467;0.59016094414077
"Dose One";2022-01-11;10;164467;0.590221746611782
"Dose One";2022-01-12;15;164467;0.590312950318301
"Dose One";2022-01-13;10;164467;0.590373752789313
"Dose One";2022-01-14;10;164467;0.590434555260326
"Dose One";2022-01-15;2;164467;0.590446715754528
"Dose One";2022-01-16;6;164467;0.590483197237136
"Dose One";2022-01-17;9;164467;0.590537919461047
"Dose One";2022-01-18;6;164467;0.590574400943654
"Dose One";2022-01-19;10;164467;0.590635203414667
"Dose One";2022-01-20;12;164467;0.590708166379882
"Dose One";2022-01-21;8;164467;0.590756808356692
"Dose One";2022-01-22;3;164467;0.590775049097995
"Dose One";2022-01-23;1;164467;0.590781129345097
"Dose One";2022-01-24;6;164467;0.590817610827704
"Dose One";2022-01-25;7;164467;0.590860172557413
"Dose One";2022-01-26;9;164467;0.590914894781324
"Dose One";2022-01-27;7;164467;0.590957456511033
"Dose One";2022-01-28;7;164467;0.591000018240741
"Dose One";2022-01-29;2;164467;0.591012178734944
"Dose One";2022-01-31;2;164467;0.591024339229146
"Dose One";2022-02-01;4;164467;0.591048660217551
"Dose One";2022-02-02;2;164467;0.591060820711754
"Dose One";2022-02-03;4;164467;0.591085141700159
"Dose One";2022-02-04;3;164467;0.591103382441462
"Dose One";2022-02-07;3;164467;0.591121623182766
"Dose One";2022-02-08;1;164467;0.591127703429867
"Dose One";2022-02-09;1;164467;0.591133783676969
"Dose One";2022-02-10;4;164467;0.591158104665374
"Dose One";2022-02-11;2;164467;0.591170265159576
"Dose One";2022-02-12;1;164467;0.591176345406677
"Dose One";2022-02-15;2;164467;0.59118850590088
"Dose One";2022-02-17;4;164467;0.591212826889285
"Dose One";2022-02-18;3;164467;0.591231067630589
"Dose One";2022-02-21;2;164467;0.591243228124791
"Dose One";2022-02-23;3;164467;0.591261468866095
"Dose One";2022-02-24;1;164467;0.591267549113196
"Dose One";2022-02-25;3;164467;0.5912857898545
"Dose One";2022-02-28;1;164467;0.591291870101601
"Dose One";2022-03-04;2;164467;0.591304030595803
"Dose One";2022-03-05;1;164467;0.591310110842905
"Dose One";2022-03-07;1;164467;0.591316191090006
"Dose One";2022-03-09;2;164467;0.591328351584208
"Dose One";2022-03-10;1;164467;0.59133443183131
"Dose One";2022-03-11;2;164467;0.591346592325512
"Dose One";2022-03-14;1;164467;0.591352672572613
"Dose One";2022-03-15;1;164467;0.591358752819715
"Dose One";2022-03-16;1;164467;0.591364833066816
"Dose One";2022-03-17;2;164467;0.591376993561018
"Dose One";2022-03-18;1;164467;0.59138307380812
"Dose One";2022-03-22;2;164467;0.591395234302322
"Dose One";2022-03-29;2;164467;0.591407394796524
"Dose One";2022-03-31;1;164467;0.591413475043626
"Dose One";2022-04-01;2;164467;0.591425635537828
"Dose One";2022-04-08;1;164467;0.591431715784929
"Dose One";2022-04-11;2;164467;0.591443876279132
"Dose One";2022-04-19;1;164467;0.591449956526233
"Dose One";2022-04-21;1;164467;0.591456036773334
"Dose One";2022-04-26;1;164467;0.591462117020436
"Dose One";2022-05-03;1;164467;0.591468197267537
"Dose One";2022-05-10;1;164467;0.591474277514638
"Dose One";2022-05-12;1;164467;0.591480357761739
"Dose One";2022-05-16;1;164467;0.591486438008841
"Dose One";2022-05-17;1;164467;0.591492518255942
"Dose One";2022-05-18;1;164467;0.591498598503043
"Dose One";2022-05-19;1;164467;0.591504678750144
"Dose One";2022-05-20;1;164467;0.591510758997246
"Dose One";2022-05-26;1;164467;0.591516839244347
"Dose One";2022-05-27;1;164467;0.591522919491448
"Dose One";2022-06-02;1;164467;0.591528999738549
"Dose One";2022-06-07;1;164467;0.591535079985651
"Dose One";2022-06-16;2;164467;0.591547240479853
"Dose One";2022-06-17;3;164467;0.591565481221157
"Dose One";2022-06-29;1;164467;0.591571561468258
"Dose One";NA;14282;164467;0.678409650568199
"Dose Two";2021-01-19;4;164467;2.43209884049688e-05
"Dose Two";2021-01-20;11;164467;9.12037065186329e-05
"Dose Two";2021-01-21;4;164467;0.000115524694923602
"Dose Two";2021-01-22;8;164467;0.000164166671733539
"Dose Two";2021-01-23;2;164467;0.000176327165936024
"Dose Two";2021-01-24;1;164467;0.000182407413037266
"Dose Two";2021-01-25;13;164467;0.000261450625353414
"Dose Two";2021-01-26;64;164467;0.000650586439832915
"Dose Two";2021-01-27;38;164467;0.000881635829680118
"Dose Two";2021-01-28;72;164467;0.00131941362096956
"Dose Two";2021-01-29;123;164467;0.00206728401442235
"Dose Two";2021-01-30;42;164467;0.00232265439267452
"Dose Two";2021-01-31;23;164467;0.00246250007600309
"Dose Two";2021-02-01;73;164467;0.00290635811439377
"Dose Two";2021-02-02;107;164467;0.00355694455422668
"Dose Two";2021-02-03;114;164467;0.00425009272376829
"Dose Two";2021-02-04;92;164467;0.00480947545708258
"Dose Two";2021-02-05;147;164467;0.00570327178096518
"Dose Two";2021-02-06;27;164467;0.00586743845269872
"Dose Two";2021-02-07;2;164467;0.0058795989469012
"Dose Two";2021-02-08;70;164467;0.00630521624398816
"Dose Two";2021-02-09;87;164467;0.00683419774179623
"Dose Two";2021-02-10;66;164467;0.00723549405047821
"Dose Two";2021-02-11;56;164467;0.00757598788814777
"Dose Two";2021-02-12;77;164467;0.00804416691494342
"Dose Two";2021-02-13;18;164467;0.00815361136276578
"Dose Two";2021-02-14;5;164467;0.00818401259827199
"Dose Two";2021-02-15;26;164467;0.00834209902290429
"Dose Two";2021-02-16;7;164467;0.00838466075261299
"Dose Two";2021-02-17;9;164467;0.00843938297652417
"Dose Two";2021-02-18;15;164467;0.0085305866830428
"Dose Two";2021-02-19;29;164467;0.00870691384897882
"Dose Two";2021-02-20;3;164467;0.00872515459028255
"Dose Two";2021-02-22;12;164467;0.00879811755549745
"Dose Two";2021-02-23;13;164467;0.0088771607678136
"Dose Two";2021-02-24;8;164467;0.00892580274462354
"Dose Two";2021-02-25;7;164467;0.00896836447433224
"Dose Two";2021-02-26;12;164467;0.00904132743954714
"Dose Two";2021-03-01;4;164467;0.00906564842795211
"Dose Two";2021-03-02;3;164467;0.00908388916925584
"Dose Two";2021-03-03;8;164467;0.00913253114606578
"Dose Two";2021-03-04;29;164467;0.0093088583120018
"Dose Two";2021-03-05;84;164467;0.00981959906850614
"Dose Two";2021-03-06;19;164467;0.00993512376342975
"Dose Two";2021-03-07;1;164467;0.00994120401053099
"Dose Two";2021-03-08;65;164467;0.0103364200721117
"Dose Two";2021-03-09;62;164467;0.0107133953923887
"Dose Two";2021-03-10;58;164467;0.0110660497242608
"Dose Two";2021-03-11;190;164467;0.0122212966734968
"Dose Two";2021-03-12;298;164467;0.014033210309667
"Dose Two";2021-03-13;14;164467;0.0141183337690844
"Dose Two";2021-03-14;1;164467;0.0141244140161856
"Dose Two";2021-03-15;72;164467;0.0145621918074751
"Dose Two";2021-03-16;451;164467;0.0173043832501353
"Dose Two";2021-03-17;961;164467;0.023147500714429
"Dose Two";2021-03-18;1070;164467;0.0296533651127582
"Dose Two";2021-03-19;841;164467;0.0347668529249029
"Dose Two";2021-03-20;21;164467;0.034894538114029
"Dose Two";2021-03-22;54;164467;0.035222871457496
"Dose Two";2021-03-23;489;164467;0.0381961122900035
"Dose Two";2021-03-24;861;164467;0.043431205044173
"Dose Two";2021-03-25;691;164467;0.0476326557911314
"Dose Two";2021-03-26;476;164467;0.0505268534113226
"Dose Two";2021-03-27;5;164467;0.0505572546468289
"Dose Two";2021-03-28;1;164467;0.0505633348939301
"Dose Two";2021-03-29;48;164467;0.0508551867547897
"Dose Two";2021-03-30;303;164467;0.0526975016264661
"Dose Two";2021-03-31;414;164467;0.0552147239263804
"Dose Two";2021-04-01;331;164467;0.0572272857168915
"Dose Two";2021-04-02;12;164467;0.0573002486821064
"Dose Two";2021-04-03;24;164467;0.0574461746125363
"Dose Two";2021-04-05;1;164467;0.0574522548596375
"Dose Two";2021-04-06;116;164467;0.0581575635233816
"Dose Two";2021-04-07;162;164467;0.0591425635537828
"Dose Two";2021-04-08;183;164467;0.0602552487733101
"Dose Two";2021-04-09;206;164467;0.061507779676166
"Dose Two";2021-04-12;16;164467;0.0616050636297859
"Dose Two";2021-04-13;121;164467;0.0623407735290362
"Dose Two";2021-04-14;340;164467;0.0644080575434586
"Dose Two";2021-04-15;589;164467;0.0679893230860902
"Dose Two";2021-04-16;710;164467;0.0723062985279722
"Dose Two";2021-04-19;430;164467;0.0749208047815063
"Dose Two";2021-04-20;1522;164467;0.0841749408695969
"Dose Two";2021-04-21;2466;164467;0.0991688302212602
"Dose Two";2021-04-22;2150;164467;0.112241361488931
"Dose Two";2021-04-23;724;164467;0.11664346039023
"Dose Two";2021-04-24;17;164467;0.116746824590951
"Dose Two";2021-04-25;1;164467;0.116752904838053
"Dose Two";2021-04-26;520;164467;0.119914633330699
"Dose Two";2021-04-27;1433;164467;0.128627627426779
"Dose Two";2021-04-28;2750;164467;0.145348306955195
"Dose Two";2021-04-29;2508;164467;0.16059756668511
"Dose Two";2021-04-30;1858;164467;0.171894665799218
"Dose Two";2021-05-01;11;164467;0.171961548517332
"Dose Two";2021-05-02;1;164467;0.171967628764433
"Dose Two";2021-05-03;97;164467;0.172557412733253
"Dose Two";2021-05-04;1626;164467;0.182443894519873
"Dose Two";2021-05-05;2326;164467;0.196586549277363
"Dose Two";2021-05-06;2170;164467;0.209780685487058
"Dose Two";2021-05-07;1418;164467;0.21840247587662
"Dose Two";2021-05-08;2;164467;0.218414636370822
"Dose Two";2021-05-10;309;164467;0.220293432725106
"Dose Two";2021-05-11;693;164467;0.224507043966267
"Dose Two";2021-05-12;868;164467;0.229784698450145
"Dose Two";2021-05-13;1179;164467;0.23695330978251
"Dose Two";2021-05-14;953;164467;0.242747785269993
"Dose Two";2021-05-15;7;164467;0.242790346999702
"Dose Two";2021-05-16;1;164467;0.242796427246803
"Dose Two";2021-05-17;296;164467;0.244596180388771
"Dose Two";2021-05-18;531;164467;0.247824791599531
"Dose Two";2021-05-19;391;164467;0.250202168216116
"Dose Two";2021-05-20;536;164467;0.253461180662382
"Dose Two";2021-05-21;1467;164467;0.262380903159904
"Dose Two";2021-05-22;343;164467;0.26446642791563
"Dose Two";2021-05-23;325;164467;0.266442508223534
"Dose Two";2021-05-24;410;164467;0.268935409535044
"Dose Two";2021-05-25;1035;164467;0.275228465284829
"Dose Two";2021-05-26;861;164467;0.280463558038999
"Dose Two";2021-05-27;694;164467;0.284683249527261
"Dose Two";2021-05-28;1655;164467;0.294746058479817
"Dose Two";2021-05-29;558;164467;0.29813883636231
"Dose Two";2021-05-30;376;164467;0.300425009272377
"Dose Two";2021-05-31;708;164467;0.304729824220056
"Dose Two";2021-06-01;1046;164467;0.311089762687956
"Dose Two";2021-06-02;1009;164467;0.317224732013109
"Dose Two";2021-06-03;958;164467;0.323049608736099
"Dose Two";2021-06-04;1200;164467;0.33034590525759
"Dose Two";2021-06-05;404;164467;0.332802325086491
"Dose Two";2021-06-06;195;164467;0.333987973271234
"Dose Two";2021-06-07;328;164467;0.335982294320441
"Dose Two";2021-06-08;680;164467;0.340116862349286
"Dose Two";2021-06-09;649;164467;0.344062942717992
"Dose Two";2021-06-10;761;164467;0.348690010762037
"Dose Two";2021-06-11;622;164467;0.35247192445901
"Dose Two";2021-06-12;289;164467;0.354229115871269
"Dose Two";2021-06-13;195;164467;0.355414764056011
"Dose Two";2021-06-14;236;164467;0.356849702371904
"Dose Two";2021-06-15;502;164467;0.359901986416728
"Dose Two";2021-06-16;750;164467;0.36446217174266
"Dose Two";2021-06-17;823;164467;0.369466215106982
"Dose Two";2021-06-18;809;164467;0.374385135011887
"Dose Two";2021-06-19;465;164467;0.377212449913965
"Dose Two";2021-06-20;434;164467;0.379851277155904
"Dose Two";2021-06-21;997;164467;0.385913283515842
"Dose Two";2021-06-22;1346;164467;0.394097296114114
"Dose Two";2021-06-23;887;164467;0.399490475292916
"Dose Two";2021-06-24;348;164467;0.401606401284148
"Dose Two";2021-06-25;1008;164467;0.4077352903622
"Dose Two";2021-06-26;834;164467;0.412806216444636
"Dose Two";2021-06-27;450;164467;0.415542327640195
"Dose Two";2021-06-28;969;164467;0.421434087081299
"Dose Two";2021-06-29;945;164467;0.427179920591973
"Dose Two";2021-06-30;847;164467;0.432329889886725
"Dose Two";2021-07-01;1219;164467;0.439741711103139
"Dose Two";2021-07-02;1102;164467;0.446442143408708
"Dose Two";2021-07-03;548;164467;0.449774118820189
"Dose Two";2021-07-04;403;164467;0.452224458401989
"Dose Two";2021-07-05;1016;164467;0.458401989456852
"Dose Two";2021-07-06;1163;164467;0.465473316835596
"Dose Two";2021-07-07;1393;164467;0.473943101047627
"Dose Two";2021-07-08;909;164467;0.479470045662656
"Dose Two";2021-07-09;887;164467;0.484863224841458
"Dose Two";2021-07-10;578;164467;0.488377607665976
"Dose Two";2021-07-11;295;164467;0.490171280560842
"Dose Two";2021-07-12;613;164467;0.493898472033903
"Dose Two";2021-07-13;529;164467;0.497114922750461
"Dose Two";2021-07-14;455;164467;0.499881435181526
"Dose Two";2021-07-15;539;164467;0.503158688369095
"Dose Two";2021-07-16;547;164467;0.506484583533475
"Dose Two";2021-07-17;203;164467;0.507718873695027
"Dose Two";2021-07-18;151;164467;0.508636991007315
"Dose Two";2021-07-19;326;164467;0.51061915156232
"Dose Two";2021-07-20;331;164467;0.512631713352831
"Dose Two";2021-07-21;370;164467;0.51488140478029
"Dose Two";2021-07-22;368;164467;0.517118935713547
"Dose Two";2021-07-23;350;164467;0.519247022198982
"Dose Two";2021-07-24;76;164467;0.519709120978677
"Dose Two";2021-07-25;85;164467;0.520225941982282
"Dose Two";2021-07-26;152;164467;0.521150139541671
"Dose Two";2021-07-27;138;164467;0.521989213641642
"Dose Two";2021-07-28;139;164467;0.522834367988715
"Dose Two";2021-07-29;185;164467;0.523959213702445
"Dose Two";2021-07-30;167;164467;0.524974614968352
"Dose Two";2021-07-31;47;164467;0.525260386582111
"Dose Two";2021-08-01;31;164467;0.525448874242249
"Dose Two";2021-08-02;86;164467;0.525971775492956
"Dose Two";2021-08-03;61;164467;0.526342670566132
"Dose Two";2021-08-04;79;164467;0.52682301008713
"Dose Two";2021-08-05;98;164467;0.527418874303052
"Dose Two";2021-08-06;105;164467;0.528057300248682
"Dose Two";2021-08-07;7;164467;0.528099861978391
"Dose Two";2021-08-08;14;164467;0.528184985437808
"Dose Two";2021-08-09;41;164467;0.528434275568959
"Dose Two";2021-08-10;47;164467;0.528720047182717
"Dose Two";2021-08-11;75;164467;0.529176065715311
"Dose Two";2021-08-12;124;164467;0.529930016355865
"Dose Two";2021-08-13;139;164467;0.530775170702937
"Dose Two";2021-08-14;21;164467;0.530902855892063
"Dose Two";2021-08-15;11;164467;0.530969738610177
"Dose Two";2021-08-16;58;164467;0.531322392942049
"Dose Two";2021-08-17;94;164467;0.531893936169566
"Dose Two";2021-08-18;94;164467;0.532465479397083
"Dose Two";2021-08-19;89;164467;0.533006621389093
"Dose Two";2021-08-20;87;164467;0.533535602886901
"Dose Two";2021-08-21;54;164467;0.533863936230368
"Dose Two";2021-08-22;10;164467;0.533924738701381
"Dose Two";2021-08-23;79;164467;0.534405078222379
"Dose Two";2021-08-24;122;164467;0.53514686836873
"Dose Two";2021-08-25;103;164467;0.535773133820158
"Dose Two";2021-08-26;115;164467;0.536472362236801
"Dose Two";2021-08-27;122;164467;0.537214152383153
"Dose Two";2021-08-28;30;164467;0.53739655979619
"Dose Two";2021-08-29;16;164467;0.53749384374981
"Dose Two";2021-08-30;52;164467;0.537810016599075
"Dose Two";2021-08-31;71;164467;0.538241714143263
"Dose Two";2021-09-01;76;164467;0.538703812922957
"Dose Two";2021-09-02;67;164467;0.53911118947874
"Dose Two";2021-09-03;81;164467;0.539603689493941
"Dose Two";2021-09-04;22;164467;0.539737454930168
"Dose Two";2021-09-05;8;164467;0.539786096906978
"Dose Two";2021-09-06;52;164467;0.540102269756243
"Dose Two";2021-09-07;38;164467;0.54033331914609
"Dose Two";2021-09-08;34;164467;0.540540047547532
"Dose Two";2021-09-09;56;164467;0.540880541385202
"Dose Two";2021-09-10;60;164467;0.541245356211276
"Dose Two";2021-09-11;8;164467;0.541293998188086
"Dose Two";2021-09-12;6;164467;0.541330479670694
"Dose Two";2021-09-13;16;164467;0.541427763624314
"Dose Two";2021-09-14;34;164467;0.541634492025756
"Dose Two";2021-09-15;32;164467;0.541829059932996
"Dose Two";2021-09-16;39;164467;0.542066189569944
"Dose Two";2021-09-17;41;164467;0.542315479701095
"Dose Two";2021-09-18;14;164467;0.542400603160512
"Dose Two";2021-09-19;3;164467;0.542418843901816
"Dose Two";2021-09-20;25;164467;0.542570850079347
"Dose Two";2021-09-21;30;164467;0.542753257492384
"Dose Two";2021-09-22;20;164467;0.542874862434409
"Dose Two";2021-09-23;34;164467;0.543081590835852
"Dose Two";2021-09-24;24;164467;0.543227516766281
"Dose Two";2021-09-25;10;164467;0.543288319237294
"Dose Two";2021-09-26;1;164467;0.543294399484395
"Dose Two";2021-09-27;29;164467;0.543470726650331
"Dose Two";2021-09-28;34;164467;0.543677455051773
"Dose Two";2021-09-29;39;164467;0.543914584688722
"Dose Two";2021-09-30;31;164467;0.54410307234886
"Dose Two";2021-10-01;17;164467;0.544206436549581
"Dose Two";2021-10-02;3;164467;0.544224677290885
"Dose Two";2021-10-03;1;164467;0.544230757537986
"Dose Two";2021-10-04;10;164467;0.544291560008999
"Dose Two";2021-10-05;27;164467;0.544455726680732
"Dose Two";2021-10-06;27;164467;0.544619893352466
"Dose Two";2021-10-07;37;164467;0.544844862495212
"Dose Two";2021-10-08;31;164467;0.54503335015535
"Dose Two";2021-10-09;4;164467;0.545057671143755
"Dose Two";2021-10-11;6;164467;0.545094152626363
"Dose Two";2021-10-12;2;164467;0.545106313120565
"Dose Two";2021-10-13;38;164467;0.545337362510412
"Dose Two";2021-10-14;16;164467;0.545434646464032
"Dose Two";2021-10-15;19;164467;0.545550171158956
"Dose Two";2021-10-16;2;164467;0.545562331653158
"Dose Two";2021-10-17;1;164467;0.54556841190026
"Dose Two";2021-10-18;14;164467;0.545653535359677
"Dose Two";2021-10-19;11;164467;0.545720418077791
"Dose Two";2021-10-20;27;164467;0.545884584749524
"Dose Two";2021-10-21;27;164467;0.546048751421258
"Dose Two";2021-10-22;18;164467;0.54615819586908
"Dose Two";2021-10-23;1;164467;0.546164276116181
"Dose Two";2021-10-24;2;164467;0.546176436610384
"Dose Two";2021-10-25;10;164467;0.546237239081396
"Dose Two";2021-10-26;24;164467;0.546383165011826
"Dose Two";2021-10-27;23;164467;0.546523010695155
"Dose Two";2021-10-28;20;164467;0.546644615637179
"Dose Two";2021-10-29;37;164467;0.546869584779925
"Dose Two";2021-10-30;2;164467;0.546881745274128
"Dose Two";2021-10-31;2;164467;0.54689390576833
"Dose Two";2021-11-01;1;164467;0.546899986015432
"Dose Two";2021-11-02;17;164467;0.547003350216153
"Dose Two";2021-11-03;29;164467;0.547179677382089
"Dose Two";2021-11-04;38;164467;0.547410726771936
"Dose Two";2021-11-05;44;164467;0.547678257644391
"Dose Two";2021-11-06;3;164467;0.547696498385694
"Dose Two";2021-11-07;2;164467;0.547708658879897
"Dose Two";2021-11-08;19;164467;0.54782418357482
"Dose Two";2021-11-09;41;164467;0.548073473705971
"Dose Two";2021-11-10;40;164467;0.548316683590021
"Dose Two";2021-11-11;43;164467;0.548578134215374
"Dose Two";2021-11-12;52;164467;0.548894307064639
"Dose Two";2021-11-13;3;164467;0.548912547805943
"Dose Two";2021-11-14;2;164467;0.548924708300145
"Dose Two";2021-11-15;20;164467;0.54904631324217
"Dose Two";2021-11-16;69;164467;0.549465850292156
"Dose Two";2021-11-17;80;164467;0.549952270060255
"Dose Two";2021-11-18;75;164467;0.550408288592848
"Dose Two";2021-11-19;50;164467;0.550712300947911
"Dose Two";2021-11-20;12;164467;0.550785263913125
"Dose Two";2021-11-21;16;164467;0.550882547866745
"Dose Two";2021-11-22;54;164467;0.551210881210212
"Dose Two";2021-11-23;122;164467;0.551952671356564
"Dose Two";2021-11-24;119;164467;0.552676220761612
"Dose Two";2021-11-25;126;164467;0.553442331896368
"Dose Two";2021-11-26;118;164467;0.554159801054315
"Dose Two";2021-11-27;46;164467;0.554439492420972
"Dose Two";2021-11-28;23;164467;0.554579338104301
"Dose Two";2021-11-29;62;164467;0.554956313424578
"Dose Two";2021-11-30;91;164467;0.555509615910791
"Dose Two";2021-12-01;114;164467;0.556202764080332
"Dose Two";2021-12-02;154;164467;0.557139122133923
"Dose Two";2021-12-03;116;164467;0.557844430797668
"Dose Two";2021-12-04;20;164467;0.557966035739693
"Dose Two";2021-12-05;13;164467;0.558045078952009
"Dose Two";2021-12-06;4;164467;0.558069399940414
"Dose Two";2021-12-07;37;164467;0.55829436908316
"Dose Two";2021-12-08;7;164467;0.558336930812868
"Dose Two";2021-12-09;86;164467;0.558859832063575
"Dose Two";2021-12-10;96;164467;0.559443535785294
"Dose Two";2021-12-11;15;164467;0.559534739491813
"Dose Two";2021-12-12;7;164467;0.559577301221522
"Dose Two";2021-12-13;50;164467;0.559881313576584
"Dose Two";2021-12-14;102;164467;0.56050149878091
"Dose Two";2021-12-15;104;164467;0.56113384447944
"Dose Two";2021-12-16;117;164467;0.561845233390285
"Dose Two";2021-12-17;95;164467;0.562422856864903
"Dose Two";2021-12-18;18;164467;0.562532301312725
"Dose Two";2021-12-19;9;164467;0.562587023536636
"Dose Two";2021-12-20;56;164467;0.562927517374306
"Dose Two";2021-12-21;93;164467;0.563492980354722
"Dose Two";2021-12-22;85;164467;0.564009801358327
"Dose Two";2021-12-23;82;164467;0.564508381620629
"Dose Two";2021-12-24;26;164467;0.564666468045261
"Dose Two";2021-12-27;41;164467;0.564915758176412
"Dose Two";2021-12-28;63;164467;0.565298813743791
"Dose Two";2021-12-29;52;164467;0.565614986593055
"Dose Two";2021-12-30;57;164467;0.565961560677826
"Dose Two";2021-12-31;22;164467;0.566095326114053
"Dose Two";2022-01-02;21;164467;0.566223011303179
"Dose Two";2022-01-03;24;164467;0.566368937233609
"Dose Two";2022-01-04;49;164467;0.56666686934157
"Dose Two";2022-01-05;32;164467;0.56686143724881
"Dose Two";2022-01-07;33;164467;0.567062085403151
"Dose Two";2022-01-08;17;164467;0.567165449603872
"Dose Two";2022-01-09;10;164467;0.567226252074884
"Dose Two";2022-01-10;35;164467;0.567439060723428
"Dose Two";2022-01-11;52;164467;0.567755233572692
"Dose Two";2022-01-12;54;164467;0.568083566916159
"Dose Two";2022-01-13;74;164467;0.568533505201651
"Dose Two";2022-01-14;53;164467;0.568855758298017
"Dose Two";2022-01-15;24;164467;0.569001684228447
"Dose Two";2022-01-16;24;164467;0.569147610158877
"Dose Two";2022-01-17;42;164467;0.569402980537129
"Dose Two";2022-01-18;65;164467;0.56979819659871
"Dose Two";2022-01-19;67;164467;0.570205573154493
"Dose Two";2022-01-20;61;164467;0.570576468227669
"Dose Two";2022-01-21;58;164467;0.570929122559541
"Dose Two";2022-01-22;18;164467;0.571038567007363
"Dose Two";2022-01-23;10;164467;0.571099369478376
"Dose Two";2022-01-24;31;164467;0.571287857138514
"Dose Two";2022-01-25;33;164467;0.571488505292855
"Dose Two";2022-01-26;35;164467;0.571701313941399
"Dose Two";2022-01-27;33;164467;0.57190196209574
"Dose Two";2022-01-28;45;164467;0.572175573215295
"Dose Two";2022-01-29;9;164467;0.572230295439207
"Dose Two";2022-01-30;2;164467;0.572242455933409
"Dose Two";2022-01-31;23;164467;0.572382301616738
"Dose Two";2022-02-01;24;164467;0.572528227547167
"Dose Two";2022-02-02;13;164467;0.572607270759484
"Dose Two";2022-02-03;17;164467;0.572710634960205
"Dose Two";2022-02-04;25;164467;0.572862641137736
"Dose Two";2022-02-05;8;164467;0.572911283114546
"Dose Two";2022-02-07;14;164467;0.572996406573963
"Dose Two";2022-02-08;18;164467;0.573105851021786
"Dose Two";2022-02-09;16;164467;0.573203134975405
"Dose Two";2022-02-10;18;164467;0.573312579423228
"Dose Two";2022-02-11;24;164467;0.573458505353658
"Dose Two";2022-02-12;6;164467;0.573494986836265
"Dose Two";2022-02-13;2;164467;0.573507147330467
"Dose Two";2022-02-14;15;164467;0.573598351036986
"Dose Two";2022-02-15;14;164467;0.573683474496404
"Dose Two";2022-02-16;4;164467;0.573707795484809
"Dose Two";2022-02-17;13;164467;0.573786838697125
"Dose Two";2022-02-18;13;164467;0.573865881909441
"Dose Two";2022-02-19;1;164467;0.573871962156542
"Dose Two";2022-02-21;13;164467;0.573951005368858
"Dose Two";2022-02-22;7;164467;0.573993567098567
"Dose Two";2022-02-23;12;164467;0.574066530063782
"Dose Two";2022-02-24;16;164467;0.574163814017402
"Dose Two";2022-02-25;16;164467;0.574261097971022
"Dose Two";2022-02-26;3;164467;0.574279338712325
"Dose Two";2022-02-27;1;164467;0.574285418959427
"Dose Two";2022-02-28;5;164467;0.574315820194933
"Dose Two";2022-03-01;5;164467;0.574346221430439
"Dose Two";2022-03-02;7;164467;0.574388783160148
"Dose Two";2022-03-03;10;164467;0.57444958563116
"Dose Two";2022-03-04;13;164467;0.574528628843476
"Dose Two";2022-03-05;2;164467;0.574540789337679
"Dose Two";2022-03-07;1;164467;0.57454686958478
"Dose Two";2022-03-08;5;164467;0.574577270820286
"Dose Two";2022-03-09;5;164467;0.574607672055792
"Dose Two";2022-03-10;5;164467;0.574638073291299
"Dose Two";2022-03-11;5;164467;0.574668474526805
"Dose Two";2022-03-12;1;164467;0.574674554773906
"Dose Two";2022-03-14;4;164467;0.574698875762311
"Dose Two";2022-03-15;6;164467;0.574735357244918
"Dose Two";2022-03-16;2;164467;0.574747517739121
"Dose Two";2022-03-17;6;164467;0.574783999221728
"Dose Two";2022-03-18;2;164467;0.574796159715931
"Dose Two";2022-03-19;1;164467;0.574802239963032
"Dose Two";2022-03-21;3;164467;0.574820480704336
"Dose Two";2022-03-22;6;164467;0.574856962186943
"Dose Two";2022-03-23;8;164467;0.574905604163753
"Dose Two";2022-03-24;5;164467;0.574936005399259
"Dose Two";2022-03-25;6;164467;0.574972486881867
"Dose Two";2022-03-26;1;164467;0.574978567128968
"Dose Two";2022-03-28;4;164467;0.575002888117373
"Dose Two";2022-03-29;7;164467;0.575045449847082
"Dose Two";2022-03-30;3;164467;0.575063690588385
"Dose Two";2022-03-31;5;164467;0.575094091823892
"Dose Two";2022-04-01;3;164467;0.575112332565195
"Dose Two";2022-04-02;1;164467;0.575118412812297
"Dose Two";2022-04-03;1;164467;0.575124493059398
"Dose Two";2022-04-04;3;164467;0.575142733800702
"Dose Two";2022-04-05;1;164467;0.575148814047803
"Dose Two";2022-04-06;5;164467;0.575179215283309
"Dose Two";2022-04-07;1;164467;0.57518529553041
"Dose Two";2022-04-08;4;164467;0.575209616518815
"Dose Two";2022-04-09;2;164467;0.575221777013018
"Dose Two";2022-04-12;3;164467;0.575240017754322
"Dose Two";2022-04-13;4;164467;0.575264338742727
"Dose Two";2022-04-14;1;164467;0.575270418989828
"Dose Two";2022-04-19;3;164467;0.575288659731132
"Dose Two";2022-04-20;4;164467;0.575312980719536
"Dose Two";2022-04-21;2;164467;0.575325141213739
"Dose Two";2022-04-22;4;164467;0.575349462202144
"Dose Two";2022-04-25;3;164467;0.575367702943448
"Dose Two";2022-04-26;2;164467;0.57537986343765
"Dose Two";2022-04-28;5;164467;0.575410264673156
"Dose Two";2022-04-29;2;164467;0.575422425167359
"Dose Two";2022-05-02;2;164467;0.575434585661561
"Dose Two";2022-05-03;2;164467;0.575446746155764
"Dose Two";2022-05-04;1;164467;0.575452826402865
"Dose Two";2022-05-05;2;164467;0.575464986897067
"Dose Two";2022-05-06;3;164467;0.575483227638371
"Dose Two";2022-05-09;2;164467;0.575495388132574
"Dose Two";2022-05-10;2;164467;0.575507548626776
"Dose Two";2022-05-11;1;164467;0.575513628873877
"Dose Two";2022-05-12;2;164467;0.57552578936808
"Dose Two";2022-05-13;3;164467;0.575544030109384
"Dose Two";2022-05-16;1;164467;0.575550110356485
"Dose Two";2022-05-17;3;164467;0.575568351097789
"Dose Two";2022-05-18;1;164467;0.57557443134489
"Dose Two";2022-05-19;1;164467;0.575580511591991
"Dose Two";2022-05-20;2;164467;0.575592672086194
"Dose Two";2022-05-22;1;164467;0.575598752333295
"Dose Two";2022-05-24;1;164467;0.575604832580396
"Dose Two";2022-05-25;3;164467;0.5756230733217
"Dose Two";2022-05-26;1;164467;0.575629153568801
"Dose Two";2022-05-31;1;164467;0.575635233815902
"Dose Two";2022-06-02;1;164467;0.575641314063004
"Dose Two";2022-06-03;4;164467;0.575665635051408
"Dose Two";2022-06-08;1;164467;0.57567171529851
"Dose Two";2022-06-09;3;164467;0.575689956039813
"Dose Two";2022-06-13;2;164467;0.575702116534016
"Dose Two";2022-06-14;2;164467;0.575714277028218
"Dose Two";2022-06-15;1;164467;0.57572035727532
"Dose Two";2022-06-16;1;164467;0.575726437522421
"Dose Two";2022-06-18;2;164467;0.575738598016623
"Dose Two";2022-06-21;3;164467;0.575756838757927
"Dose Two";2022-06-22;1;164467;0.575762919005028
"Dose Two";2022-06-23;1;164467;0.57576899925213
"Dose Two";2022-06-24;1;164467;0.575775079499231
"Dose Two";2022-06-27;1;164467;0.575781159746332
"Dose Two";2022-06-28;5;164467;0.575811560981838
"Dose Two";2022-06-29;1;164467;0.57581764122894
"Dose Two";2022-06-30;4;164467;0.575841962217345
"Dose Two";NA;16869;164467;0.678409650568199
"Booster";2021-06-03;1;164467;6.08024710124219e-06
"Booster";2021-06-21;1;164467;1.21604942024844e-05
"Booster";2021-07-09;1;164467;1.82407413037266e-05
"Booster";2021-07-10;1;164467;2.43209884049688e-05
"Booster";2021-07-29;1;164467;3.0401235506211e-05
"Booster";2021-09-10;10;164467;9.12037065186329e-05
"Booster";2021-09-11;30;164467;0.000273611119555899
"Booster";2021-09-12;20;164467;0.000395216061580743
"Booster";2021-09-13;99;164467;0.00099716052460372
"Booster";2021-09-14;131;164467;0.00179367289486645
"Booster";2021-09-15;50;164467;0.00209768524992856
"Booster";2021-09-16;72;164467;0.002535463041218
"Booster";2021-09-17;100;164467;0.00314348775134221
"Booster";2021-09-18;2;164467;0.0031556482455447
"Booster";2021-09-19;2;164467;0.00316780873974718
"Booster";2021-09-20;52;164467;0.00348398158901178
"Booster";2021-09-21;88;164467;0.00401904333392109
"Booster";2021-09-22;103;164467;0.00464530878534904
"Booster";2021-09-23;148;164467;0.00554518535633288
"Booster";2021-09-24;51;164467;0.00585527795849623
"Booster";2021-09-25;5;164467;0.00588567919400244
"Booster";2021-09-27;69;164467;0.00630521624398816
"Booster";2021-09-28;132;164467;0.00710780886135213
"Booster";2021-09-29;267;164467;0.00873123483738379
"Booster";2021-09-30;314;164467;0.0106404324271738
"Booster";2021-10-01;236;164467;0.012075370743067
"Booster";2021-10-02;1;164467;0.0120814509901682
"Booster";2021-10-04;139;164467;0.0129266053372409
"Booster";2021-10-05;359;164467;0.0151094140465869
"Booster";2021-10-06;273;164467;0.016769321505226
"Booster";2021-10-07;221;164467;0.0181130561146005
"Booster";2021-10-08;105;164467;0.0187514820602309
"Booster";2021-10-09;1;164467;0.0187575623073322
"Booster";2021-10-11;19;164467;0.0188730870022558
"Booster";2021-10-13;156;164467;0.0198216055500496
"Booster";2021-10-14;217;164467;0.0211410191710191
"Booster";2021-10-15;141;164467;0.0219983340122943
"Booster";2021-10-17;1;164467;0.0220044142593955
"Booster";2021-10-18;117;164467;0.0227158031702408
"Booster";2021-10-19;165;164467;0.0237190439419458
"Booster";2021-10-20;260;164467;0.0252999081882688
"Booster";2021-10-21;353;164467;0.0274462354150073
"Booster";2021-10-22;155;164467;0.0283886737156998
"Booster";2021-10-25;192;164467;0.0295560811591383
"Booster";2021-10-26;632;164467;0.0333987973271234
"Booster";2021-10-27;686;164467;0.0375698468385755
"Booster";2021-10-28;810;164467;0.0424948469905817
"Booster";2021-10-29;737;164467;0.0469759891041972
"Booster";2021-10-30;28;164467;0.047146236023032
"Booster";2021-10-31;1;164467;0.0471523162701332
"Booster";2021-11-01;3;164467;0.0471705570114369
"Booster";2021-11-02;726;164467;0.0515848164069388
"Booster";2021-11-03;885;164467;0.0569658350915381
"Booster";2021-11-04;1078;164467;0.0635203414666772
"Booster";2021-11-05;862;164467;0.068761514467948
"Booster";2021-11-06;32;164467;0.0689560823751877
"Booster";2021-11-08;563;164467;0.0723792614931871
"Booster";2021-11-09;922;164467;0.0779852493205324
"Booster";2021-11-10;1033;164467;0.0842661445761156
"Booster";2021-11-11;1120;164467;0.0910760213295068
"Booster";2021-11-12;952;164467;0.0968644165698894
"Booster";2021-11-13;29;164467;0.0970407437358254
"Booster";2021-11-14;2;164467;0.0970529042300279
"Booster";2021-11-15;564;164467;0.100482163595129
"Booster";2021-11-16;1049;164467;0.106860342804332
"Booster";2021-11-17;1194;164467;0.114120157843215
"Booster";2021-11-18;1171;164467;0.121240127198769
"Booster";2021-11-19;928;164467;0.126882596508722
"Booster";2021-11-20;60;164467;0.127247411334797
"Booster";2021-11-21;5;164467;0.127277812570303
"Booster";2021-11-22;586;164467;0.130840837371631
"Booster";2021-11-23;1046;164467;0.13720077583953
"Booster";2021-11-24;1168;164467;0.144302504453781
"Booster";2021-11-25;1203;164467;0.151617041716575
"Booster";2021-11-26;1047;164467;0.157983060431576
"Booster";2021-11-27;128;164467;0.158761332060535
"Booster";2021-11-28;2;164467;0.158773492554737
"Booster";2021-11-29;688;164467;0.162956702560392
"Booster";2021-11-30;1119;164467;0.169760499066682
"Booster";2021-12-01;1310;164467;0.177725622769309
"Booster";2021-12-02;1884;164467;0.18918080830805
"Booster";2021-12-03;1786;164467;0.200040129630868
"Booster";2021-12-04;684;164467;0.204199018648118
"Booster";2021-12-05;457;164467;0.206977691573386
"Booster";2021-12-06;336;164467;0.209020654599403
"Booster";2021-12-07;771;164467;0.213708525114461
"Booster";2021-12-08;344;164467;0.215800130117288
"Booster";2021-12-09;1831;164467;0.226933062559662
"Booster";2021-12-10;1794;164467;0.237841025859291
"Booster";2021-12-11;608;164467;0.241537816096846
"Booster";2021-12-12;434;164467;0.244176643338785
"Booster";2021-12-13;1519;164467;0.253412538685572
"Booster";2021-12-14;1919;164467;0.265080532872856
"Booster";2021-12-15;1914;164467;0.276718125824634
"Booster";2021-12-16;2042;164467;0.28913399040537
"Booster";2021-12-17;1874;164467;0.300528373473098
"Booster";2021-12-18;493;164467;0.30352593529401
"Booster";2021-12-19;200;164467;0.304741984714259
"Booster";2021-12-20;1223;164467;0.312178126919078
"Booster";2021-12-21;1604;164467;0.32193084326947
"Booster";2021-12-22;1505;164467;0.33108161515684
"Booster";2021-12-23;1355;164467;0.339320349979023
"Booster";2021-12-24;466;164467;0.342153745128202
"Booster";2021-12-26;4;164467;0.342178066116607
"Booster";2021-12-27;814;164467;0.347127387257018
"Booster";2021-12-28;1171;164467;0.354247356612573
"Booster";2021-12-29;986;164467;0.360242480254398
"Booster";2021-12-30;978;164467;0.366188961919412
"Booster";2021-12-31;353;164467;0.368335289146151
"Booster";2022-01-01;7;164467;0.36837785087586
"Booster";2022-01-02;356;164467;0.370542418843902
"Booster";2022-01-03;710;164467;0.374859394285784
"Booster";2022-01-04;925;164467;0.380483622854433
"Booster";2022-01-05;495;164467;0.383493345169548
"Booster";2022-01-06;1;164467;0.383499425416649
"Booster";2022-01-07;719;164467;0.387871123082442
"Booster";2022-01-08;491;164467;0.390856524409152
"Booster";2022-01-09;406;164467;0.393325104732256
"Booster";2022-01-10;782;164467;0.398079857965428
"Booster";2022-01-11;787;164467;0.402865012434105
"Booster";2022-01-12;889;164467;0.40827035210711
"Booster";2022-01-13;799;164467;0.413128469541002
"Booster";2022-01-14;805;164467;0.418023068457502
"Booster";2022-01-15;369;164467;0.42026667963786
"Booster";2022-01-16;260;164467;0.421847543884183
"Booster";2022-01-17;460;164467;0.424644457550755
"Booster";2022-01-18;524;164467;0.427830507031806
"Booster";2022-01-19;456;164467;0.430603099709972
"Booster";2022-01-20;422;164467;0.433168963986696
"Booster";2022-01-21;404;164467;0.435625383815598
"Booster";2022-01-22;147;164467;0.436519180139481
"Booster";2022-01-23;63;164467;0.436902235706859
"Booster";2022-01-24;206;164467;0.438154766609715
"Booster";2022-01-25;237;164467;0.439595785172709
"Booster";2022-01-26;238;164467;0.441042883982805
"Booster";2022-01-27;231;164467;0.442447421063192
"Booster";2022-01-28;237;164467;0.443888439626186
"Booster";2022-01-29;57;164467;0.444235013710957
"Booster";2022-01-30;37;164467;0.444459982853703
"Booster";2022-01-31;116;164467;0.445165291517447
"Booster";2022-02-01;80;164467;0.445651711285547
"Booster";2022-02-02;133;164467;0.446460384150012
"Booster";2022-02-03;91;164467;0.447013686636225
"Booster";2022-02-04;118;164467;0.447731155794171
"Booster";2022-02-05;17;164467;0.447834519994893
"Booster";2022-02-06;7;164467;0.447877081724601
"Booster";2022-02-07;45;164467;0.448150692844157
"Booster";2022-02-08;62;164467;0.448527668164434
"Booster";2022-02-09;72;164467;0.448965445955724
"Booster";2022-02-10;84;164467;0.449476186712228
"Booster";2022-02-11;117;164467;0.450187575623073
"Booster";2022-02-12;19;164467;0.450303100317997
"Booster";2022-02-13;12;164467;0.450376063283212
"Booster";2022-02-14;40;164467;0.450619273167262
"Booster";2022-02-15;49;164467;0.450917205275222
"Booster";2022-02-16;44;164467;0.451184736147677
"Booster";2022-02-17;53;164467;0.451506989244043
"Booster";2022-02-18;61;164467;0.451877884317219
"Booster";2022-02-19;14;164467;0.451963007776636
"Booster";2022-02-20;2;164467;0.451975168270839
"Booster";2022-02-21;17;164467;0.45207853247156
"Booster";2022-02-22;31;164467;0.452267020131698
"Booster";2022-02-23;54;164467;0.452595353475165
"Booster";2022-02-24;47;164467;0.452881125088924
"Booster";2022-02-25;36;164467;0.453100013984568
"Booster";2022-02-26;21;164467;0.453227699173694
"Booster";2022-02-27;9;164467;0.453282421397606
"Booster";2022-02-28;27;164467;0.453446588069339
"Booster";2022-03-01;32;164467;0.453641155976579
"Booster";2022-03-02;28;164467;0.453811402895414
"Booster";2022-03-03;35;164467;0.454024211543957
"Booster";2022-03-04;43;164467;0.454285662169311
"Booster";2022-03-05;14;164467;0.454370785628728
"Booster";2022-03-06;3;164467;0.454389026370032
"Booster";2022-03-07;9;164467;0.454443748593943
"Booster";2022-03-08;24;164467;0.454589674524373
"Booster";2022-03-09;21;164467;0.454717359713499
"Booster";2022-03-10;29;164467;0.454893686879435
"Booster";2022-03-11;34;164467;0.455100415280877
"Booster";2022-03-12;5;164467;0.455130816516383
"Booster";2022-03-13;2;164467;0.455142977010586
"Booster";2022-03-14;9;164467;0.455197699234497
"Booster";2022-03-15;16;164467;0.455294983188117
"Booster";2022-03-16;13;164467;0.455374026400433
"Booster";2022-03-17;20;164467;0.455495631342458
"Booster";2022-03-18;20;164467;0.455617236284483
"Booster";2022-03-19;10;164467;0.455678038755495
"Booster";2022-03-21;12;164467;0.45575100172071
"Booster";2022-03-22;15;164467;0.455842205427229
"Booster";2022-03-23;19;164467;0.455957730122152
"Booster";2022-03-24;29;164467;0.456134057288088
"Booster";2022-03-25;28;164467;0.456304304206923
"Booster";2022-03-26;7;164467;0.456346865936632
"Booster";2022-03-27;3;164467;0.456365106677935
"Booster";2022-03-28;7;164467;0.456407668407644
"Booster";2022-03-29;15;164467;0.456498872114163
"Booster";2022-03-30;16;164467;0.456596156067783
"Booster";2022-03-31;14;164467;0.4566812795272
"Booster";2022-04-01;10;164467;0.456742081998212
"Booster";2022-04-02;2;164467;0.456754242492415
"Booster";2022-04-03;1;164467;0.456760322739516
"Booster";2022-04-04;8;164467;0.456808964716326
"Booster";2022-04-05;17;164467;0.456912328917047
"Booster";2022-04-06;18;164467;0.45702177336487
"Booster";2022-04-07;18;164467;0.457131217812692
"Booster";2022-04-08;23;164467;0.45727106349602
"Booster";2022-04-09;9;164467;0.457325785719932
"Booster";2022-04-10;1;164467;0.457331865967033
"Booster";2022-04-11;15;164467;0.457423069673552
"Booster";2022-04-12;9;164467;0.457477791897463
"Booster";2022-04-13;8;164467;0.457526433874273
"Booster";2022-04-14;5;164467;0.457556835109779
"Booster";2022-04-19;12;164467;0.457629798074994
"Booster";2022-04-20;17;164467;0.457733162275715
"Booster";2022-04-21;14;164467;0.457818285735132
"Booster";2022-04-22;16;164467;0.457915569688752
"Booster";2022-04-23;3;164467;0.457933810430056
"Booster";2022-04-24;2;164467;0.457945970924258
"Booster";2022-04-25;10;164467;0.458006773395271
"Booster";2022-04-26;19;164467;0.458122298090194
"Booster";2022-04-27;10;164467;0.458183100561207
"Booster";2022-04-28;17;164467;0.458286464761928
"Booster";2022-04-29;24;164467;0.458432390692358
"Booster";2022-04-30;2;164467;0.45844455118656
"Booster";2022-05-01;1;164467;0.458450631433661
"Booster";2022-05-02;9;164467;0.458505353657573
"Booster";2022-05-03;10;164467;0.458566156128585
"Booster";2022-05-04;10;164467;0.458626958599598
"Booster";2022-05-05;12;164467;0.458699921564812
"Booster";2022-05-06;28;164467;0.458870168483647
"Booster";2022-05-07;4;164467;0.458894489472052
"Booster";2022-05-08;2;164467;0.458906649966255
"Booster";2022-05-09;6;164467;0.458943131448862
"Booster";2022-05-10;18;164467;0.459052575896684
"Booster";2022-05-11;11;164467;0.459119458614798
"Booster";2022-05-12;13;164467;0.459198501827114
"Booster";2022-05-13;31;164467;0.459386989487253
"Booster";2022-05-14;7;164467;0.459429551216961
"Booster";2022-05-15;2;164467;0.459441711711164
"Booster";2022-05-16;14;164467;0.459526835170581
"Booster";2022-05-17;12;164467;0.459599798135796
"Booster";2022-05-18;12;164467;0.459672761101011
"Booster";2022-05-19;22;164467;0.459806526537238
"Booster";2022-05-20;20;164467;0.459928131479263
"Booster";2022-05-21;6;164467;0.459964612961871
"Booster";2022-05-22;3;164467;0.459982853703174
"Booster";2022-05-23;8;164467;0.460031495679984
"Booster";2022-05-24;19;164467;0.460147020374908
"Booster";2022-05-25;14;164467;0.460232143834325
"Booster";2022-05-26;23;164467;0.460371989517654
"Booster";2022-05-27;13;164467;0.46045103272997
"Booster";2022-05-28;6;164467;0.460487514212578
"Booster";2022-05-29;1;164467;0.460493594459679
"Booster";2022-05-30;7;164467;0.460536156189388
"Booster";2022-05-31;11;164467;0.460603038907501
"Booster";2022-06-01;13;164467;0.460682082119817
"Booster";2022-06-02;19;164467;0.460797606814741
"Booster";2022-06-03;21;164467;0.460925292003867
"Booster";2022-06-04;3;164467;0.460943532745171
"Booster";2022-06-05;2;164467;0.460955693239373
"Booster";2022-06-07;12;164467;0.461028656204588
"Booster";2022-06-08;14;164467;0.461113779664006
"Booster";2022-06-09;15;164467;0.461204983370524
"Booster";2022-06-10;21;164467;0.46133266855965
"Booster";2022-06-11;4;164467;0.461356989548055
"Booster";2022-06-12;1;164467;0.461363069795156
"Booster";2022-06-13;7;164467;0.461405631524865
"Booster";2022-06-14;15;164467;0.461496835231384
"Booster";2022-06-15;22;164467;0.461630600667611
"Booster";2022-06-16;15;164467;0.46172180437413
"Booster";2022-06-17;19;164467;0.461837329069053
"Booster";2022-06-18;4;164467;0.461861650057458
"Booster";2022-06-19;1;164467;0.46186773030456
"Booster";2022-06-20;8;164467;0.46191637228137
"Booster";2022-06-21;21;164467;0.462044057470496
"Booster";2022-06-22;12;164467;0.462117020435711
"Booster";2022-06-23;9;164467;0.462171742659622
"Booster";2022-06-25;8;164467;0.462220384636432
"Booster";2022-06-26;3;164467;0.462238625377735
"Booster";2022-06-27;11;164467;0.462305508095849
"Booster";2022-06-28;14;164467;0.462390631555266
"Booster";2022-06-29;22;164467;0.462524396991494
"Booster";2022-06-30;28;164467;0.462694643910328
"Booster";NA;35478;164467;0.678409650568199
